Frame,Player,Pelvis x,Pelvis y,Pelvis z,Left Hip x,Left Hip y,Left Hip z,Right Hip x,Right Hip y,Right Hip z,Spine1 x,Spine1 y,Spine1 z,Left Knee x,Left Knee y,Left Knee z,Right Knee x,Right Knee y,Right Knee z,Spine2 x,Spine2 y,Spine2 z,Left Ankle x,Left Ankle y,Left Ankle z,Right Ankle x,Right Ankle y,Right Ankle z,Spine3 x,Spine3 y,Spine3 z,Left Foot x,Left Foot y,Left Foot z,Right Foot x,Right Foot y,Right Foot z,Neck x,Neck y,Neck z,Left Collar x,Left Collar y,Left Collar z,Right Collar x,Right Collar y,Right Collar z,Head x,Head y,Head z,Left Shoulder x,Left Shoulder y,Left Shoulder z,Right Shoulder x,Right Shoulder y,Right Shoulder z,Left Elbow x,Left Elbow y,Left Elbow z,Right Elbow x,Right Elbow y,Right Elbow z,Left wrist x,Left wrist y,Left wrist z,Right Wrist x,Right Wrist y,Right Wrist z,Left Index1 x,Left Index1 y,Left Index1 z,Right Index1 x,Right Index1 y,Right Index1 z
0,1,-0.47576994,0.30467787,-3.0875266,-0.3275723,-0.029341692,0.05231874,-0.1355825,0.003369491,-0.08917604,0.21208252,-0.018651884,0.0054183863,0.42249024,0.0060509793,-0.061773457,0.6773147,0.095844395,0.048550997,-0.01867807,-0.019191502,-0.03988324,0.06832584,0.1234658,-0.14908719,0.04984855,-0.14686733,0.19060057,0.022178112,-0.022853239,-0.029310271,-0.1549483,0.055240776,0.23138687,-0.17545818,-0.025908276,-0.25974348,-0.25997847,-0.033897914,-0.038490083,-0.09387777,-0.37073582,-0.14520207,-0.112400465,0.25821382,0.010122956,-0.08453015,0.006918168,0.020883454,0.004518529,-0.5533308,-0.78618526,-0.089503855,0.36790067,0.5292536,0.021346977,-1.4207302,0.40675586,-0.037815854,1.6097608,-0.4881724,-0.09815543,-0.16745768,0.1352738,-0.042366154,0.19772263,-0.16835602,-0.040753055,-0.065864444,-0.13940103,-0.074735336,0.057584736,0.14859776
1,1,-0.47243008,0.31041697,-3.08571,-0.3311893,-0.026489807,0.05334158,-0.13367692,0.0076521616,-0.087834276,0.20909357,-0.019127052,0.0040609487,0.43912104,0.010003174,-0.06263788,0.6883508,0.10019284,0.047405787,-0.018647281,-0.021663891,-0.03882134,0.065261975,0.12414947,-0.14587936,0.04931784,-0.14604822,0.18909052,0.024917115,-0.023946928,-0.028874755,-0.15637805,0.056155615,0.22676933,-0.17659439,-0.025637107,-0.25810325,-0.25527304,-0.035080545,-0.039236087,-0.092034884,-0.37199396,-0.14081784,-0.11178645,0.2561961,0.0075486195,-0.08571298,0.0047085327,0.020274848,0.008068827,-0.551015,-0.78946066,-0.09065445,0.36539316,0.53334975,0.030716797,-1.3979102,0.39590797,-0.039468765,1.5959358,-0.48584032,-0.09416619,-0.16589382,0.1333332,-0.04079593,0.19580509,-0.16710225,-0.043645434,-0.06615698,-0.14010225,-0.07761134,0.057279527,0.14933299
2,1,-0.47668606,0.31189793,-3.0858226,-0.3215543,-0.024317088,0.052389417,-0.15516643,0.0043114573,-0.085407615,0.2123849,-0.023146905,0.004600529,0.433613,0.007804887,-0.063315086,0.6946609,0.092198595,0.05128175,-0.020289605,-0.020320313,-0.037400804,0.068418756,0.12807184,-0.14591928,0.054004844,-0.14931066,0.19080998,0.026286045,-0.024652297,-0.027840525,-0.15704846,0.052792903,0.2270852,-0.17769946,-0.024443839,-0.2602999,-0.25194693,-0.025243701,-0.035067096,-0.09227617,-0.3723757,-0.1364208,-0.10995908,0.25700912,0.009019748,-0.0841277,0.012476217,0.022279575,0.00499574,-0.55104965,-0.7804085,-0.09268364,0.37314218,0.5353687,0.028426336,-1.3726765,0.38351172,-0.03996273,1.5446684,-0.47343335,-0.090331055,-0.16094431,0.13357545,-0.029902082,0.18770628,-0.16748993,-0.046444096,-0.06750831,-0.14088297,-0.08190658,0.057756864,0.1504804
3,1,0.48066756,-0.2943486,3.0901685,-0.31128055,-0.021913076,0.047797002,-0.1669322,0.010303117,-0.08344362,0.21236679,-0.022928748,0.0004947035,0.44420072,0.0082346015,-0.06447692,0.71278125,0.09090755,0.0511676,-0.018942269,-0.020652652,-0.03822541,0.05974345,0.1301159,-0.13939536,0.05764827,-0.14869438,0.19081397,0.024835885,-0.025816156,-0.02960789,-0.15693846,0.054996084,0.22065854,-0.18165144,-0.026381517,-0.25938275,-0.24334612,-0.0340079,-0.04094343,-0.08907073,-0.35462952,-0.14581805,-0.108358,0.24018379,0.023845028,-0.07050969,0.0003314259,0.019641107,0.014531612,-0.53654313,-0.7757194,-0.083564475,0.35947564,0.541165,0.035421025,-1.413031,0.39724916,-0.040035184,1.5720402,-0.4879001,-0.09133688,-0.16199727,0.13142712,-0.030406848,0.187474,-0.16628686,-0.04576218,-0.068235576,-0.1426929,-0.08196367,0.059431795,0.15290925
4,1,0.48337984,-0.2888726,3.0873754,-0.30465218,-0.01883404,0.042162884,-0.16163908,0.003845753,-0.08822672,0.20916292,-0.021838194,-0.000500018,0.4264495,0.010447393,-0.066050895,0.7209154,0.08931162,0.051822484,-0.017804414,-0.019787572,-0.037543755,0.060664315,0.13163963,-0.13683653,0.06459072,-0.15202893,0.1987141,0.027466355,-0.025823448,-0.029249018,-0.15352067,0.057061136,0.21800855,-0.18315516,-0.021347389,-0.26340273,-0.24525584,-0.023513613,-0.03485841,-0.09056836,-0.35527584,-0.13728814,-0.10632438,0.23302247,0.01672874,-0.07097043,0.008534611,0.023141487,0.01093056,-0.5432847,-0.7701745,-0.08222013,0.35414216,0.5378241,0.036112465,-1.4058386,0.38171104,-0.03634409,1.5729605,-0.48305103,-0.10272921,-0.16477332,0.12291568,-0.03522899,0.1913855,-0.16076878,-0.040152423,-0.065399975,-0.13591626,-0.07838067,0.056480672,0.14672457
5,1,0.4640623,-0.30351934,3.088991,-0.31460804,-0.027168173,0.04225392,-0.15965335,0.0040693823,-0.087861784,0.21013843,-0.022869842,0.000203321,0.43069947,0.011128545,-0.062566146,0.70523137,0.08439537,0.049582385,-0.017962242,-0.025614623,-0.038806945,0.0686203,0.12094211,-0.13567011,0.06855152,-0.14762527,0.19544339,0.02488077,-0.028839879,-0.0323213,-0.1539756,0.0606251,0.2127744,-0.17761514,-0.023243256,-0.2611704,-0.24034724,-0.030421566,-0.058103718,-0.086873576,-0.36267278,-0.14691404,-0.104485214,0.22592384,0.024775602,-0.07394164,-0.011496444,0.014348787,0.0187334,-0.5612269,-0.80822915,-0.080002986,0.33831155,0.55101067,0.052144237,-1.3660325,0.36688036,-0.043766987,1.6295329,-0.5149098,-0.10331984,-0.16580601,0.12369393,-0.036432344,0.19976135,-0.17862897,-0.038652867,-0.06479619,-0.13751681,-0.080833934,0.057814334,0.15425521
6,1,0.4520952,-0.30966,3.0864866,-0.3142042,-0.030883363,0.048548296,-0.16673392,0.0047170077,-0.0852318,0.21323079,-0.022926655,0.0029228157,0.46477154,0.0066022403,-0.063176915,0.69197655,0.08157508,0.0518181,-0.016047044,-0.024261013,-0.039406676,0.059256416,0.12027467,-0.13683814,0.053775847,-0.14797167,0.1877804,0.022492865,-0.028334295,-0.032135166,-0.15545197,0.0581605,0.216144,-0.17513989,-0.028821092,-0.2587962,-0.24646877,-0.012783843,-0.05769058,-0.08646426,-0.35071185,-0.14970401,-0.10835872,0.22402735,0.024228632,-0.086553186,0.006336963,0.0074680275,0.021263141,-0.53411907,-0.8013079,-0.08518014,0.34241062,0.5369128,0.044748697,-1.3878931,0.3815873,-0.04452161,1.6762937,-0.5271506,-0.10977466,-0.1695284,0.11776508,-0.047391597,0.20605162,-0.17112921,-0.037196606,-0.06479582,-0.13800661,-0.07717297,0.056377076,0.15467575
7,1,0.4567249,-0.30731055,3.0840702,-0.3201997,-0.028800262,0.050160702,-0.17002177,0.0066403025,-0.08376378,0.21584073,-0.023431143,-0.0005344521,0.47084087,0.0082712155,-0.06294851,0.6822706,0.08544967,0.051170904,-0.017002253,-0.026786568,-0.039166156,0.060420316,0.1210463,-0.13854517,0.0630612,-0.1468872,0.19123574,0.025525859,-0.030817939,-0.032696594,-0.15806863,0.056897134,0.21810909,-0.17807105,-0.028788757,-0.2630429,-0.233512,-0.037594724,-0.05893774,-0.08346463,-0.35781983,-0.14820789,-0.10831216,0.22759774,0.023290342,-0.07382193,-0.015195662,0.0119702425,0.020406399,-0.55146515,-0.81450796,-0.088102676,0.3507076,0.54780227,0.055026323,-1.3525119,0.3689357,-0.04043668,1.6440316,-0.52732605,-0.09995888,-0.16487071,0.12611197,-0.029635327,0.2001337,-0.18555629,-0.03916519,-0.06555286,-0.13922042,-0.082288615,0.05802272,0.15699132
8,1,0.43378156,-0.30622226,3.0853953,-0.3159652,-0.03519851,0.043850917,-0.16620821,0.010538169,-0.08096734,0.20879562,-0.022134593,0.0007785812,0.47195435,0.006707211,-0.063535914,0.71769243,0.08302431,0.05231398,-0.014403214,-0.021500053,-0.040947907,0.06291252,0.11640696,-0.14043118,0.05838311,-0.14378817,0.18657482,0.019315291,-0.029528115,-0.033644468,-0.15484256,0.057974804,0.22304252,-0.18097977,-0.030396635,-0.2567357,-0.25101402,-0.023700878,-0.04919722,-0.09280381,-0.35264653,-0.15722635,-0.11097304,0.22415407,0.032458127,-0.086812384,0.00095743715,0.010499233,-0.003300766,-0.5400621,-0.79626685,-0.082294606,0.3362266,0.54798675,-0.009456158,-1.4145316,0.42405173,-0.05479686,1.6896745,-0.54038775,-0.11433349,-0.17066877,0.12846355,-0.059173018,0.20841317,-0.17135125,-0.036682718,-0.06623414,-0.14340955,-0.07577033,0.057559516,0.1584625
9,1,0.43691447,-0.31474233,3.0844264,-0.33006778,-0.040497817,0.04514195,-0.16543299,0.012144497,-0.08050579,0.21026327,-0.017647387,-0.0032729048,0.5039416,0.0047971983,-0.06563872,0.76315886,0.08761928,0.05104557,-0.01296793,-0.024426376,-0.03820049,0.059759803,0.11912412,-0.1333589,0.059451494,-0.1463335,0.18911618,0.022378586,-0.029043911,-0.032017436,-0.16236565,0.0582555,0.21879964,-0.1880909,-0.027921604,-0.26045692,-0.24574049,-0.01307805,-0.049690407,-0.08750518,-0.36596328,-0.13965136,-0.10991837,0.23714702,0.023541423,-0.091823064,-0.000360251,0.009871061,0.027455293,-0.5423566,-0.79442537,-0.08218123,0.3549642,0.5413792,0.059324622,-1.3982193,0.35932928,-0.04192074,1.6839343,-0.5276675,-0.12719044,-0.17395045,0.10484227,-0.05617817,0.21011661,-0.16516303,-0.032452017,-0.063489884,-0.13728887,-0.07501994,0.054396417,0.15466987
10,1,0.4599067,-0.3177991,3.086288,-0.32422042,-0.04206447,0.042091127,-0.16697332,0.0022538116,-0.09189516,0.22020365,-0.014630863,-0.0029752376,0.4488134,-0.003999204,-0.062847875,0.7621913,0.077367276,0.050324943,-0.013337025,-0.010913782,-0.04863656,0.056198824,0.115240835,-0.13790196,0.057426635,-0.14211409,0.1891074,0.015305236,-0.021999773,-0.03798527,-0.15181305,0.057767354,0.22934178,-0.18988547,-0.032785945,-0.2570222,-0.268671,-0.028864767,-0.044307515,-0.09670827,-0.34758404,-0.1540959,-0.11523476,0.24186048,0.024224928,-0.10425346,0.0006873566,0.01351173,-0.004682111,-0.52814525,-0.7992212,-0.093353406,0.35283384,0.55414844,-0.01779693,-1.4839978,0.45855322,-0.06259282,1.6820116,-0.54390574,-0.122592695,-0.171468,0.12651885,-0.0655653,0.20422672,-0.16057438,-0.03740354,-0.06670575,-0.1463612,-0.07289796,0.059927292,0.15793374
11,1,0.44710857,-0.3149993,3.08788,-0.33965212,-0.041240536,0.04247039,-0.17030689,0.0066702077,-0.092630774,0.21746074,-0.012771038,-0.00354799,0.4912057,0.0002823427,-0.06785437,0.78565323,0.083511315,0.05083613,-0.012506452,-0.014669449,-0.046518296,0.051269505,0.11806647,-0.1304979,0.05906052,-0.14461413,0.19005276,0.020176783,-0.022703264,-0.036117267,-0.15636003,0.060973562,0.2200518,-0.1934492,-0.029210145,-0.2577085,-0.2566309,-0.017912222,-0.04352329,-0.08990249,-0.34601173,-0.15063979,-0.1119198,0.2402271,0.021392033,-0.095674545,0.008355614,0.012182689,0.014216121,-0.5203902,-0.8014996,-0.08584792,0.36182517,0.55492777,0.015665108,-1.433685,0.41148818,-0.047685698,1.6761981,-0.5293914,-0.12523586,-0.16999815,0.11778477,-0.058890574,0.20416898,-0.1626168,-0.035956744,-0.06464645,-0.14121789,-0.07337137,0.057514507,0.155281
12,1,0.44545773,-0.29069027,3.0942612,-0.35585496,-0.036283292,0.03478889,-0.17675707,0.008990789,-0.102313146,0.215914,-0.015719969,-0.0039773616,0.5364745,0.009932135,-0.07516847,0.80010104,0.08744644,0.05068972,-0.0101866685,-0.015597388,-0.05261344,0.0495454,0.118416205,-0.12950449,0.08187493,-0.14402795,0.19921058,0.023246823,-0.02600868,-0.040108494,-0.15966165,0.06381559,0.21808709,-0.20877403,-0.02857561,-0.26765418,-0.23734745,-0.03630866,-0.04384725,-0.0905362,-0.35333443,-0.14776112,-0.116661176,0.24058877,0.0019423041,-0.08231045,0.0045562033,0.019724347,0.001875313,-0.5363181,-0.79354924,-0.07817204,0.37584049,0.5512687,0.0028194848,-1.4514493,0.42046428,-0.018548708,1.758885,-0.5295349,-0.13109352,-0.17608006,0.14325324,-0.07506225,0.21678461,-0.18424982,-0.028300136,-0.061451502,-0.13652521,-0.06226871,0.054796167,0.15025185
13,1,0.43681335,-0.3011264,3.0919538,-0.36226556,-0.043993507,0.044330385,-0.17108206,0.0075381277,-0.098300114,0.21863315,-0.013000217,-0.004771671,0.5421756,0.0039975103,-0.073564194,0.7951971,0.08658098,0.05079389,-0.010795162,-0.0172705,-0.05266415,0.042948026,0.11474437,-0.12784117,0.061043646,-0.1434123,0.19192258,0.021919869,-0.025377722,-0.03921342,-0.1609667,0.06540676,0.21753536,-0.20215401,-0.03081936,-0.26544967,-0.23904572,-0.031580694,-0.04792453,-0.092052236,-0.3555422,-0.14657669,-0.118042946,0.24345955,0.0014226704,-0.08412277,0.0027031521,0.02054386,0.004973191,-0.53809416,-0.8041738,-0.081063524,0.3775092,0.5562721,0.003941617,-1.4370967,0.41920188,-0.02512068,1.7684491,-0.5404804,-0.13343522,-0.17176494,0.13297436,-0.0798642,0.21434805,-0.17749333,-0.028997635,-0.06124763,-0.13635658,-0.06230839,0.054864395,0.15190306
14,1,0.4483307,-0.2844929,3.0916162,-0.369269,-0.03892351,0.046284042,-0.18246815,0.0076279463,-0.1007627,0.22084047,-0.015031485,-0.006265307,0.5507584,0.009852348,-0.07429793,0.8053132,0.08616888,0.051655915,-0.012903705,-0.020275185,-0.050520435,0.046563994,0.11628029,-0.12787712,0.0684404,-0.14421815,0.19430682,0.021484705,-0.027804822,-0.0394421,-0.1638691,0.0634621,0.21918552,-0.20520523,-0.029265827,-0.26826414,-0.24961664,-0.017544743,-0.051874373,-0.0858176,-0.3634273,-0.14725788,-0.11330978,0.24069202,0.009260024,-0.09830133,0.007754954,0.012748314,0.018860014,-0.5339373,-0.8068159,-0.07936501,0.3688137,0.5543754,0.03986171,-1.4111906,0.38721022,-0.021648845,1.7422396,-0.5400241,-0.12652177,-0.17105941,0.12416377,-0.059501372,0.21149942,-0.17942879,-0.03098661,-0.06259877,-0.13676587,-0.07040094,0.055316832,0.1545243
15,1,0.44668332,-0.29493326,3.0905812,-0.35842666,-0.0348753,0.04780484,-0.17070992,0.0054583624,-0.10005485,0.22077642,-0.015352609,-0.005246404,0.5305983,0.012191682,-0.07121602,0.7850027,0.08220043,0.050043378,-0.01356411,-0.021575533,-0.050422985,0.05125627,0.119367436,-0.1292176,0.0643047,-0.14700754,0.18967745,0.01665974,-0.027839571,-0.040458564,-0.15726899,0.06019588,0.21452823,-0.19686897,-0.029990783,-0.2624454,-0.25448933,-0.008528869,-0.064753234,-0.08703793,-0.3761073,-0.14732078,-0.11288472,0.24908368,0.016633205,-0.09461245,0.0052828593,0.0063529043,0.021341791,-0.5401425,-0.7843582,-0.06806576,0.37014556,0.5450568,0.057731725,-1.4332242,0.37694928,-0.00731823,1.7883776,-0.53181005,-0.11393816,-0.17771697,0.13486233,-0.067607604,0.21974774,-0.18742041,-0.03141359,-0.06273854,-0.13577597,-0.06599963,0.05528517,0.15283105
16,1,0.44213584,-0.2970528,3.0887225,-0.36477178,-0.032176737,0.051992513,-0.15926622,-0.0010655769,-0.10009504,0.2175858,-0.013450333,-0.0041711694,0.53874624,0.016199231,-0.0724601,0.760294,0.07862967,0.051216196,-0.012507544,-0.022455644,-0.051443733,0.053292997,0.118886605,-0.134783,0.061401803,-0.14614086,0.18870479,0.015735151,-0.027211575,-0.039841928,-0.16016327,0.05938937,0.22143465,-0.19592167,-0.032858673,-0.26510742,-0.2511535,-0.008989698,-0.06827471,-0.084785506,-0.3717086,-0.15449479,-0.11089651,0.24806249,0.023231547,-0.0926759,0.0051465887,0.005775714,0.026922086,-0.54283786,-0.79039526,-0.061651394,0.37258333,0.5555959,0.06310525,-1.4447623,0.38150138,-0.005523315,1.7917167,-0.528122,-0.1153412,-0.18015046,0.136148,-0.07592956,0.22092214,-0.18580969,-0.034469053,-0.06327658,-0.14017779,-0.0674949,0.057285294,0.15732414
17,1,0.43800446,-0.29921365,3.0885506,-0.36329573,-0.028364463,0.055383988,-0.1540809,-0.0022688308,-0.10201144,0.21756722,-0.011996228,-0.0053339633,0.5284622,0.018405959,-0.071953245,0.7596544,0.07959574,0.050895266,-0.013244155,-0.022620372,-0.05051501,0.052669086,0.12083657,-0.13392769,0.060193907,-0.14745483,0.18810603,0.01573658,-0.027113229,-0.03919633,-0.15802765,0.061279193,0.22026648,-0.19449267,-0.032133527,-0.26194146,-0.24930161,-0.012816502,-0.063209176,-0.0849165,-0.3745951,-0.15169434,-0.11081579,0.25091735,0.02094261,-0.09106467,0.0033013832,0.006771359,0.025960045,-0.54413456,-0.7857047,-0.05885886,0.37213516,0.552543,0.06360159,-1.4418768,0.37610176,-0.001168655,1.7865195,-0.52125394,-0.1168782,-0.17928515,0.13374567,-0.07579244,0.22042246,-0.18295488,-0.033130318,-0.062659375,-0.13814726,-0.06628661,0.05654658,0.1546719
18,1,0.45397985,-0.29553378,3.085186,-0.3668795,-0.037069265,0.052850563,-0.14756118,-0.0012903573,-0.09908739,0.21967755,-0.011976257,-0.00551424,0.5330087,0.012207677,-0.072032735,0.75486386,0.08462697,0.049643084,-0.01266305,-0.01831233,-0.054275144,0.044344727,0.12021274,-0.13541344,0.053977024,-0.14470662,0.18748815,0.014160389,-0.025541747,-0.038707156,-0.16024767,0.0594363,0.22958705,-0.19834073,-0.03485436,-0.2668696,-0.26269123,-0.03459162,-0.04994539,-0.08946018,-0.3562618,-0.16499653,-0.11589883,0.24651074,0.022447206,-0.09911316,0.0018156753,0.022169892,0.008907945,-0.5318272,-0.7960197,-0.0734041,0.36872655,0.5629167,0.008868385,-1.5052812,0.44827414,-0.021285616,1.7654335,-0.5471081,-0.12631208,-0.17607518,0.13536969,-0.071355514,0.21241565,-0.17505713,-0.034021877,-0.06523238,-0.14539209,-0.068290554,0.060712125,0.15996233
19,1,0.45584652,-0.29868695,3.0846255,-0.36389276,-0.037402887,0.054191895,-0.14621063,-3.276096e-05,-0.09969017,0.21987297,-0.0116176335,-0.00627143,0.5250739,0.009993232,-0.071235985,0.75659895,0.0860353,0.048891157,-0.011744923,-0.018358449,-0.054312475,0.046698928,0.11911614,-0.13605687,0.05625265,-0.14333074,0.18833353,0.013783717,-0.025405833,-0.038769133,-0.1597139,0.05965717,0.22962086,-0.19817124,-0.034234103,-0.2666474,-0.2616037,-0.03459414,-0.050943974,-0.09057142,-0.35670412,-0.16372456,-0.11599283,0.24651785,0.02333904,-0.099713385,0.00018747897,0.02191902,0.004771437,-0.5323573,-0.7913437,-0.07431666,0.36661834,0.5627722,0.0053175343,-1.5016658,0.450406,-0.023489567,1.760836,-0.5471917,-0.12359469,-0.17603694,0.1360803,-0.07111211,0.21229349,-0.17471933,-0.034915317,-0.06546051,-0.1462254,-0.0684586,0.061116926,0.16076055
20,1,0.4670742,-0.3006921,3.0817747,-0.35752618,-0.039345726,0.056302745,-0.13727455,-0.0061836177,-0.09849389,0.21874419,-0.010855812,-0.0027522324,0.51339537,0.0071058483,-0.06829406,0.7020654,0.08466488,0.049292292,-0.010715281,-0.017572962,-0.052311514,0.04566699,0.12058964,-0.13902819,0.048637453,-0.14547616,0.18567212,0.013124771,-0.022988077,-0.037235778,-0.15880956,0.055509146,0.23091176,-0.18922886,-0.03714355,-0.2650801,-0.26281938,-0.032186158,-0.05369491,-0.08501923,-0.35500535,-0.17132427,-0.113650404,0.25398618,0.031181555,-0.09541667,0.0016844632,0.01749847,0.023911849,-0.52616125,-0.81079406,-0.08278085,0.37571996,0.56058127,0.025610974,-1.4821441,0.4355055,-0.036966197,1.7195127,-0.54246485,-0.1208883,-0.1738351,0.13591997,-0.05968727,0.20588054,-0.1802112,-0.036075857,-0.06586228,-0.14637561,-0.071860656,0.06158032,0.1606712
21,1,0.44727665,-0.30075842,3.0847535,-0.35892895,-0.043368194,0.05972488,-0.13259782,-0.005934177,-0.099110186,0.2134495,-0.010637383,-0.0029498297,0.5228021,0.005046657,-0.06816782,0.7096571,0.08602742,0.04724925,-0.011888282,-0.020706192,-0.053011578,0.04791093,0.11824494,-0.13560078,0.04705186,-0.14662562,0.18587889,0.01480853,-0.024346909,-0.036645114,-0.16215663,0.059144273,0.22385408,-0.18897581,-0.034343965,-0.26549515,-0.26698345,-0.0117249265,-0.054978885,-0.08210113,-0.36233574,-0.16933288,-0.108849294,0.24701272,0.024624102,-0.10540689,0.016429454,0.018828359,0.037020337,-0.53074867,-0.81474847,-0.071691066,0.3644574,0.56011844,0.056028698,-1.4620899,0.40664658,-0.018942792,1.7451582,-0.53540176,-0.12232421,-0.1766644,0.12673467,-0.064458355,0.21259852,-0.17496748,-0.03326207,-0.06352891,-0.14052293,-0.06893206,0.058621794,0.15708877
22,1,0.46728045,-0.2992851,3.083447,-0.35160446,-0.0373516,0.059500787,-0.13358958,-0.013154927,-0.09758339,0.20822474,-0.009217201,9.276846e-05,0.52007467,0.011057335,-0.068365104,0.697287,0.07329335,0.050160646,-0.010806193,-0.020662196,-0.052462205,0.051849224,0.11739941,-0.13545333,0.04550185,-0.14807867,0.18297872,0.013927615,-0.022886442,-0.036972165,-0.1604565,0.062190965,0.2206769,-0.18504407,-0.03619823,-0.2588286,-0.26371822,0.0001388417,-0.056005962,-0.079713084,-0.36021602,-0.17259823,-0.108786896,0.2488524,0.02268707,-0.101755366,0.026957376,0.0114544025,0.044228178,-0.52825934,-0.8280849,-0.066590026,0.37475935,0.5609847,0.059636887,-1.4577945,0.40235987,-0.014197323,1.7949632,-0.5395538,-0.12620658,-0.17830999,0.13317041,-0.076671794,0.21968558,-0.18331578,-0.032898366,-0.063147634,-0.13951796,-0.06606913,0.05755889,0.15673871
23,1,0.45960233,-0.29708597,3.0909493,-0.36148217,-0.036637276,0.059078075,-0.13060734,0.00039220514,-0.09763192,0.21478285,-0.017678276,0.0021638852,0.5107587,0.015732536,-0.071596816,0.73178566,0.08473222,0.048010573,-0.0022364892,-0.015602334,-0.06662043,0.053564236,0.11252019,-0.14187989,0.03653698,-0.13909338,0.17810652,0.015361306,-0.024286054,-0.04209476,-0.1641965,0.06817455,0.23343217,-0.1943687,-0.041077778,-0.2635731,-0.24789868,0.004930382,-0.054749418,-0.100336984,-0.3145546,-0.1844625,-0.115211666,0.19690007,0.011728805,-0.095365345,0.05838314,0.019352702,-0.023098383,-0.5245167,-0.83138245,-0.08189741,0.3381329,0.5859869,-0.08818406,-1.6733867,0.5884117,-0.04593278,1.8639065,-0.5890199,-0.1605629,-0.18206629,0.16034418,-0.12893707,0.22032239,-0.16347638,-0.021082215,-0.064700544,-0.1464237,-0.046605717,0.058542952,0.1577255
24,1,0.4716466,-0.28963432,3.0895445,-0.346704,-0.03191089,0.057951026,-0.1254072,-0.005222871,-0.106796265,0.21551004,-0.014635652,0.0015202013,0.47661594,0.011720484,-0.06758988,0.69685966,0.09079184,0.047621883,-0.0058396836,-0.014018457,-0.056399632,0.050114743,0.11913183,-0.14102796,0.04698697,-0.14332412,0.18436894,0.014247196,-0.021708509,-0.037863623,-0.15325099,0.061580688,0.23143394,-0.18928498,-0.039660808,-0.25869486,-0.242036,-0.0102427,-0.03899276,-0.08647926,-0.34208465,-0.17624743,-0.11243994,0.23888177,0.018303173,-0.086940296,0.04142854,0.016294908,0.011123113,-0.5166002,-0.81750673,-0.08649392,0.37529755,0.55981964,-0.004024755,-1.50878,0.4758656,-0.03188053,1.7121572,-0.53704756,-0.12510686,-0.17177145,0.13783373,-0.066844106,0.20438044,-0.16394222,-0.030909821,-0.06484794,-0.14248452,-0.063554734,0.05739671,0.1521696
25,1,0.4608853,-0.2961001,3.0888479,-0.3528729,-0.035104375,0.062761165,-0.11718544,-0.0024388498,-0.101594396,0.21232072,-0.018650638,0.0049335053,0.48606345,0.014367639,-0.0702944,0.70949924,0.09327562,0.04806931,0.0003558069,-0.015057468,-0.064674675,0.056360003,0.11416007,-0.14327006,0.03323549,-0.14174682,0.17852774,0.01984925,-0.023817228,-0.039841317,-0.1632543,0.06962467,0.23320828,-0.19059081,-0.039985724,-0.2613577,-0.23193008,0.0037574975,-0.04734327,-0.09899953,-0.3178056,-0.17444712,-0.11277375,0.19805536,-0.0016070533,-0.096548595,0.06453447,0.021447046,-0.018091332,-0.5297081,-0.839561,-0.08447226,0.33593667,0.57279164,-0.07598704,-1.6268121,0.56088084,-0.039152842,1.8035916,-0.5614478,-0.1692047,-0.17552629,0.13629517,-0.12318263,0.21322659,-0.14018767,-0.016684273,-0.061774433,-0.13859521,-0.04578907,0.054107144,0.14864121
26,1,0.47471666,-0.28171006,3.089836,-0.34131002,-0.035576947,0.051289666,-0.13137081,0.0011905889,-0.10274239,0.21522507,-0.016533822,0.004422459,0.47176027,0.009635038,-0.06731833,0.7038866,0.09181239,0.047343396,-0.0041071945,-0.015155173,-0.0528807,0.05290356,0.11687757,-0.14062741,0.049241446,-0.1414498,0.18591365,0.013627961,-0.022481503,-0.03539708,-0.15480387,0.064430065,0.23324966,-0.19063511,-0.037751026,-0.26104224,-0.24437775,-0.016179437,-0.031291254,-0.08835341,-0.33729157,-0.1787577,-0.11370033,0.23515931,0.017772835,-0.09484108,0.041952766,0.023172103,0.0009735589,-0.5164843,-0.81564766,-0.0826439,0.374979,0.5620559,-0.023552408,-1.5233995,0.48972043,-0.02694891,1.7499937,-0.5464309,-0.13225007,-0.17186956,0.13326173,-0.07371117,0.20879233,-0.15995292,-0.028395265,-0.06447606,-0.14204283,-0.05956868,0.057196178,0.15202446
27,1,0.45685726,-0.29095674,3.093147,-0.34685075,-0.04326188,0.058520123,-0.12826355,0.001983414,-0.10017098,0.21638694,-0.01856461,0.004458074,0.48224524,0.0060668276,-0.06675784,0.7081925,0.09027037,0.04793381,-0.007078004,-0.01635808,-0.05726712,0.056295697,0.10878779,-0.14456783,0.041721202,-0.13583922,0.181093,0.011934107,-0.023986954,-0.036929782,-0.15897755,0.065482974,0.23649292,-0.189617,-0.044206124,-0.25755045,-0.25812322,0.005950605,-0.031078015,-0.08958273,-0.34366643,-0.18702014,-0.11686091,0.2304733,0.0136749735,-0.10728061,0.06354864,0.020190636,0.009295846,-0.5203978,-0.83737767,-0.09247127,0.37152547,0.5672427,-0.02223492,-1.545912,0.51157635,-0.046453223,1.7762951,-0.5700167,-0.13710806,-0.1752685,0.12752444,-0.089459896,0.21196572,-0.14905912,-0.02559489,-0.06439172,-0.14111887,-0.05502153,0.05548399,0.15046155
28,1,0.45755956,-0.28309688,3.0940819,-0.36016032,-0.041395523,0.058809582,-0.15072596,0.0019650215,-0.09399698,0.22068496,-0.017642433,0.004491307,0.52784395,0.0074101347,-0.06983827,0.7076834,0.08272703,0.050465133,-0.012868706,-0.017473204,-0.05589885,0.05173592,0.1122067,-0.14470369,0.040225573,-0.13943647,0.17978562,0.010540751,-0.025248405,-0.03541339,-0.16478257,0.06698253,0.23909332,-0.19070691,-0.043396063,-0.26171646,-0.27568206,0.010890809,-0.029826945,-0.093860835,-0.34653768,-0.18082431,-0.118605986,0.22792464,0.00833679,-0.12617663,0.06836646,0.022780223,-0.0029283261,-0.5241282,-0.822317,-0.083652705,0.35805914,0.57059395,-0.0339161,-1.564205,0.52686536,-0.040222846,1.8067266,-0.5725911,-0.13286869,-0.17484008,0.13902554,-0.100731686,0.21242326,-0.15361804,-0.030079091,-0.06530289,-0.14442058,-0.0570971,0.05767098,0.15498094
29,1,0.46479517,-0.28686467,3.0937355,-0.3619427,-0.042627517,0.05504555,-0.16188851,0.0018431046,-0.09258139,0.2212276,-0.016366692,0.0020553595,0.55072707,0.008588484,-0.072520174,0.7174397,0.07724056,0.053171504,-0.011596908,-0.019781733,-0.0527798,0.05201436,0.11071485,-0.14065832,0.04982103,-0.13901106,0.18191692,0.010816527,-0.026084404,-0.035395823,-0.16783863,0.06725936,0.23263878,-0.19321495,-0.043660562,-0.26259655,-0.27030376,0.0052172914,-0.037931915,-0.08860118,-0.34564775,-0.18726243,-0.11534682,0.22182164,0.023570666,-0.118413575,0.051281042,0.018875994,0.013240701,-0.52559483,-0.8296428,-0.08119967,0.35023472,0.57751346,-0.007810708,-1.53652,0.49797213,-0.051341344,1.8105098,-0.5796921,-0.13205722,-0.17737527,0.13525432,-0.1018332,0.21513765,-0.16131224,-0.02971047,-0.065095544,-0.14465022,-0.058995638,0.05829655,0.15765515
30,1,-0.4779309,0.28620052,-3.0912795,-0.35505715,-0.042389113,0.060564622,-0.14738254,0.0016558889,-0.10039137,0.21966708,-0.015338583,0.0008470064,0.5160321,0.00533661,-0.068565674,0.69041604,0.08544404,0.050143328,-0.013677042,-0.021781802,-0.048153795,0.05314348,0.111389175,-0.14289579,0.051473003,-0.13915923,0.18454544,0.008880594,-0.026388435,-0.033586387,-0.1610884,0.06520925,0.23360188,-0.18893753,-0.043495607,-0.260899,-0.26364785,0.0011783501,-0.032241907,-0.08570428,-0.35378754,-0.1867866,-0.11471224,0.2267354,0.030755023,-0.106983885,0.042939704,0.019316155,0.022393864,-0.53044313,-0.8111842,-0.077202156,0.3580008,0.56405455,0.017018147,-1.4889327,0.45754734,-0.049840223,1.7914644,-0.56432873,-0.12862,-0.17719848,0.121104375,-0.10347432,0.21548326,-0.15281792,-0.026681729,-0.06381292,-0.1406016,-0.055541962,0.056110736,0.15220729
31,1,-0.47890523,0.2867518,-3.0910053,-0.35755718,-0.042028014,0.060354166,-0.1489827,0.0010241915,-0.10054116,0.22027083,-0.015340048,0.00083034224,0.519187,0.006450601,-0.069104165,0.69412607,0.08447087,0.050398182,-0.014140681,-0.021485087,-0.04881613,0.054190446,0.111728646,-0.14304808,0.052591044,-0.13954303,0.18502225,0.008713328,-0.026188334,-0.034005508,-0.16166599,0.065250516,0.23374595,-0.18959534,-0.04318113,-0.26193,-0.2647714,-0.00016124512,-0.033694804,-0.08591256,-0.35293353,-0.18742728,-0.11456885,0.22616354,0.030665936,-0.10741827,0.04173096,0.019744946,0.021358974,-0.530398,-0.81233805,-0.077621385,0.35653245,0.56416637,0.014277878,-1.4922854,0.46162924,-0.04985146,1.7926451,-0.56541294,-0.12851273,-0.17756595,0.12281728,-0.10361085,0.21596478,-0.15382075,-0.026557889,-0.06377162,-0.14074089,-0.05532241,0.05619228,0.15241303
32,1,-0.48144192,0.29013902,-3.0884848,-0.36416256,-0.04373106,0.06010508,-0.15341717,0.005975175,-0.10177688,0.21629679,-0.017039452,0.003118383,0.5511159,0.0069267605,-0.07402096,0.7249404,0.08363219,0.05070875,-0.00898028,-0.022184385,-0.05549903,0.0505692,0.11135534,-0.14138444,0.049225803,-0.1380767,0.18355617,0.010102443,-0.026616596,-0.03594185,-0.16654092,0.06899484,0.23569112,-0.19374463,-0.043062065,-0.2659652,-0.25617638,0.004245858,-0.036831707,-0.088703685,-0.34058595,-0.19893363,-0.11848863,0.21726218,0.02342492,-0.09766928,0.058403153,0.022266325,0.01745354,-0.52790433,-0.81953704,-0.07351331,0.3571467,0.5709694,-0.015031082,-1.5813558,0.5082818,-0.046826158,1.8709025,-0.5785141,-0.1482888,-0.18346237,0.13618039,-0.13176854,0.2241866,-0.15665916,-0.024545724,-0.063523345,-0.14493768,-0.048504125,0.057389595,0.15702042
33,1,-0.5005748,0.2975226,-3.0870497,-0.35135755,-0.046879098,0.06885697,-0.13590533,0.0100962585,-0.1044881,0.21103735,-0.02210235,0.00650537,0.49707067,-0.00027996727,-0.06476108,0.7022103,0.10006653,0.043837268,-0.01046519,-0.02357669,-0.051674847,0.06359053,0.107392825,-0.14875941,0.0492152,-0.13381045,0.1865981,0.016794845,-0.028447852,-0.031547472,-0.16393204,0.06673635,0.24090032,-0.18995339,-0.040784452,-0.2637655,-0.23801544,0.005329414,-0.012004303,-0.08994051,-0.3413222,-0.18618058,-0.11914326,0.21373196,0.0020945705,-0.08579644,0.07501136,0.03559835,0.01581307,-0.52777845,-0.8221536,-0.07553688,0.36016744,0.56031775,-0.0031481115,-1.5371865,0.50004965,-0.02517267,1.835256,-0.56318957,-0.129092,-0.1805393,0.1277023,-0.10962065,0.22367278,-0.14347522,-0.029495893,-0.0652736,-0.14471486,-0.052151,0.054680657,0.15289323
34,1,-0.49859107,0.29609245,-3.0860395,-0.34855944,-0.042769436,0.055626184,-0.14286041,0.008205236,-0.09743928,0.21164478,-0.019587284,0.004791263,0.5359469,0.007874271,-0.06893909,0.6889208,0.089861095,0.046436395,-0.00691795,-0.020411273,-0.052605323,0.047651757,0.11175691,-0.13863261,0.04995652,-0.13783702,0.1840378,0.011640938,-0.026520615,-0.032806985,-0.16190015,0.06958646,0.23035093,-0.18888035,-0.040760804,-0.2657988,-0.23800132,-0.0004154714,-0.024554057,-0.09534947,-0.34333384,-0.18643326,-0.119261175,0.21814334,0.015446438,-0.08569672,0.061677452,0.031677987,0.001495636,-0.5355404,-0.8050448,-0.071669705,0.3505369,0.56731755,-0.024424156,-1.5796341,0.5277367,-0.03353424,1.8372896,-0.56845826,-0.13157517,-0.18277326,0.13196564,-0.11962457,0.2221204,-0.1405914,-0.029817834,-0.06561917,-0.14836383,-0.053505927,0.05770286,0.15789889
35,1,0.49725232,-0.2989166,3.0847223,-0.35233033,-0.0479964,0.059088726,-0.13214937,0.013829985,-0.096917845,0.2111815,-0.013219481,-0.0014515327,0.5336007,0.0017480424,-0.06540732,0.6813137,0.10210042,0.04241653,-0.009239116,-0.026902871,-0.043327335,0.041724876,0.10971969,-0.13272898,0.050515074,-0.13739231,0.18830569,0.01243615,-0.027717447,-0.02998393,-0.16021149,0.06877783,0.22300646,-0.18424295,-0.03441806,-0.26674268,-0.24617603,-0.0048791636,-0.029223533,-0.08944378,-0.3656919,-0.17475614,-0.116548106,0.23221621,0.02665901,-0.09015535,0.03475662,0.027538234,0.017317329,-0.5493026,-0.8038328,-0.0751831,0.357583,0.56549966,0.02740426,-1.4617451,0.44194952,-0.044540472,1.7917467,-0.5629907,-0.12544444,-0.17914484,0.1139951,-0.09814241,0.2199282,-0.15098363,-0.028195623,-0.063646354,-0.14207625,-0.05888112,0.0561685,0.15615304
36,1,0.50688815,-0.29645288,3.0842495,-0.35729718,-0.045980923,0.05811909,-0.1352835,0.013256183,-0.10036412,0.21210419,-0.014689652,0.0013477377,0.53433675,0.0050541735,-0.065919586,0.67067206,0.10027057,0.042505514,-0.012023272,-0.026457693,-0.043286376,0.04163817,0.1102355,-0.13332537,0.05045241,-0.13659681,0.18711124,0.009358351,-0.02688333,-0.030311959,-0.15855215,0.066723965,0.22201556,-0.1824724,-0.03523331,-0.26729247,-0.25462538,-0.013948405,-0.03726334,-0.08948605,-0.36407137,-0.17978191,-0.117116086,0.23731536,0.03248317,-0.09008729,0.026341168,0.027389275,0.016665487,-0.54851663,-0.79940146,-0.07092273,0.36277083,0.5649908,0.024558233,-1.4830215,0.4514806,-0.037893966,1.807219,-0.56171525,-0.11971503,-0.1811125,0.12297877,-0.09624141,0.22168954,-0.15873235,-0.030118473,-0.064471774,-0.14434426,-0.05900992,0.05810412,0.15801272
37,1,0.5077419,-0.29508436,3.0834389,-0.35660243,-0.046173666,0.0569722,-0.136733,0.01305658,-0.099336974,0.21201004,-0.014529161,0.0016835192,0.5356653,0.0050769206,-0.06587881,0.66856724,0.09941635,0.042773906,-0.012192693,-0.026267977,-0.04275048,0.04029231,0.11069752,-0.132889,0.049180042,-0.137322,0.18693,0.00932091,-0.026762642,-0.030021422,-0.1585815,0.066835344,0.22199269,-0.18183918,-0.0349996,-0.26765457,-0.25457355,-0.014526151,-0.03705394,-0.089483365,-0.36366212,-0.18001449,-0.11670655,0.23704812,0.033283178,-0.09033157,0.025723783,0.027573654,0.016097547,-0.5493059,-0.79928964,-0.07069356,0.36192092,0.56442463,0.023897324,-1.480529,0.45076358,-0.038052678,1.8045199,-0.56031156,-0.11960699,-0.18091376,0.122804716,-0.09619181,0.22153038,-0.15848026,-0.030124195,-0.06436887,-0.14429484,-0.059143554,0.058075473,0.15801297
38,1,-0.52705455,0.2751101,-3.0818574,-0.3684259,-0.035566874,0.055833433,-0.14900194,0.01640539,-0.105214484,0.21841206,-0.019663783,0.005561388,0.5487612,0.015869824,-0.07164976,0.70942307,0.09664725,0.04439794,-0.01116021,-0.016848858,-0.054592296,0.040940277,0.10713623,-0.13875136,0.04527941,-0.12877278,0.1799782,0.005788632,-0.024600482,-0.034483846,-0.16006225,0.07144314,0.23344001,-0.19112824,-0.04166717,-0.26399875,-0.266947,-0.0023269986,-0.030516315,-0.1042199,-0.32627776,-0.19147852,-0.119654015,0.20507659,0.02706369,-0.10801967,0.064225666,0.02717821,-0.044647153,-0.5308655,-0.79497266,-0.083415955,0.33013538,0.5842944,-0.097937174,-1.6369052,0.61535376,-0.062009558,1.812672,-0.58811694,-0.1191059,-0.180319,0.16239697,-0.12219148,0.21361531,-0.14748415,-0.03406716,-0.068837516,-0.1584955,-0.054177944,0.062506415,0.16403592
39,1,-0.52580017,0.28230128,-3.0835242,-0.36527136,-0.036728177,0.061512485,-0.14047629,0.018129518,-0.10460908,0.21515317,-0.021332595,0.006587764,0.5324346,0.012330723,-0.06616195,0.6994473,0.104113266,0.040612433,-0.012565659,-0.020776914,-0.04985355,0.048857592,0.11018645,-0.14112785,0.046809033,-0.13044737,0.18106417,0.007254854,-0.026380219,-0.031340696,-0.15842454,0.06675515,0.23277149,-0.1869631,-0.03936345,-0.26132116,-0.26568943,-0.007175471,-0.024599263,-0.09922147,-0.3272669,-0.18130131,-0.12023188,0.21062157,0.01923971,-0.10483362,0.05981972,0.029992444,-0.032311395,-0.52332425,-0.80032283,-0.08507492,0.34782213,0.579055,-0.076701894,-1.5943643,0.5674578,-0.051961496,1.7988048,-0.5749229,-0.13298212,-0.17729065,0.13508627,-0.110523075,0.21276067,-0.13758896,-0.027952194,-0.065848604,-0.14868695,-0.051620197,0.058355175,0.15555102
40,1,0.5295534,-0.26111704,3.0832212,-0.3555008,-0.0328751,0.05382073,-0.13856736,0.016016161,-0.10425138,0.2115491,-0.021495894,0.0064915973,0.5259167,0.014228467,-0.06600836,0.675534,0.10650091,0.04061402,-0.012885298,-0.019425113,-0.046537742,0.046415675,0.11260219,-0.14093259,0.05392142,-0.13288158,0.18811586,0.010205301,-0.025872849,-0.029932294,-0.15534046,0.062766515,0.23062676,-0.1851184,-0.033931512,-0.2678284,-0.2607338,-0.012006289,-0.023092145,-0.09786864,-0.33038956,-0.18029009,-0.11424954,0.20881084,0.028534545,-0.093556255,0.051586885,0.03332703,-0.037286825,-0.5304601,-0.79437184,-0.08623389,0.3376734,0.5804042,-0.07796044,-1.5235196,0.5500955,-0.06145564,1.7226621,-0.5539101,-0.1100397,-0.17533483,0.15741272,-0.09778454,0.20796488,-0.1558603,-0.035079483,-0.067183256,-0.15266196,-0.058765754,0.059183918,0.15808669
41,1,-0.5115,0.26137698,-3.0863996,-0.35800275,-0.031918954,0.05271094,-0.1411145,0.018447334,-0.10966549,0.21274592,-0.022951933,0.008454103,0.5237856,0.01441376,-0.06676368,0.69246596,0.10701158,0.038866937,-0.015794486,-0.01573967,-0.050893776,0.047933333,0.113463424,-0.14122152,0.054060288,-0.13270198,0.18600313,0.008773096,-0.024080038,-0.03186666,-0.15613894,0.064189315,0.23290175,-0.18758127,-0.033156354,-0.26916173,-0.2611119,-0.018168401,-0.027460681,-0.10552524,-0.323445,-0.1824803,-0.11677558,0.20411184,0.024960851,-0.09061747,0.05373859,0.034279577,-0.06390318,-0.5420007,-0.7890394,-0.096671805,0.3344706,0.5817622,-0.11151951,-1.5840462,0.60902,-0.06767173,1.7272978,-0.56527334,-0.101392604,-0.1750373,0.17386593,-0.09893393,0.20520361,-0.1554853,-0.03497966,-0.06867393,-0.15761809,-0.05512587,0.062043153,0.16063824
42,1,0.5485131,-0.23886311,3.0827231,-0.35809374,-0.023642007,0.04844459,-0.15084676,0.017333765,-0.10559123,0.21003824,-0.016748505,-0.0008967494,0.5351577,0.018286698,-0.06917112,0.6701537,0.109337345,0.041231524,-0.020043144,-0.018750392,-0.043214064,0.044984624,0.12515119,-0.13739543,0.079638645,-0.13933146,0.20018755,0.015462215,-0.024963325,-0.03018815,-0.15704732,0.057123836,0.22587112,-0.19334556,-0.027589649,-0.27557147,-0.2635218,-0.033149105,-0.026452417,-0.08913013,-0.33678505,-0.16540341,-0.110228814,0.22288062,0.030012703,-0.08208611,0.02388138,0.031354588,-0.009600181,-0.5291108,-0.79166955,-0.076006636,0.35444167,0.5874625,-0.028316122,-1.4602201,0.47314087,-0.05116947,1.6297561,-0.5119447,-0.1179802,-0.17056693,0.13763103,-0.07991618,0.19703798,-0.15152545,-0.032385875,-0.06437794,-0.14386085,-0.062355045,0.05767914,0.15032658
43,1,0.5487057,-0.24010533,3.0819135,-0.35514304,-0.023480458,0.047930587,-0.1502509,0.01657147,-0.104641154,0.20979054,-0.016557477,-0.0006304771,0.5306128,0.017789703,-0.06851679,0.6638884,0.10803393,0.04121798,-0.01958818,-0.01868452,-0.043002058,0.046427768,0.12543768,-0.13798025,0.08057691,-0.13969274,0.20030396,0.015568296,-0.024831064,-0.029955832,-0.15696052,0.056954183,0.22615394,-0.19239524,-0.027339363,-0.2753763,-0.2611687,-0.033257388,-0.026362192,-0.08920541,-0.33569616,-0.16532376,-0.10986361,0.22221148,0.030176805,-0.08011864,0.023985349,0.031321242,-0.010872368,-0.5303841,-0.79163325,-0.07601306,0.3541754,0.5879187,-0.029582333,-1.4614531,0.4745668,-0.051648453,1.6292605,-0.512012,-0.11740958,-0.17036419,0.13973181,-0.079353325,0.19672757,-0.15355496,-0.0325767,-0.06440226,-0.14415897,-0.062499523,0.057987962,0.15074351
44,1,0.533868,-0.23233093,3.0863433,-0.3675959,-0.024495194,0.04308785,-0.14836463,0.012130732,-0.109313026,0.21321969,-0.018731121,-0.0002094292,0.5410091,0.024305632,-0.07107027,0.6847383,0.10693394,0.042270176,-0.02061813,-0.021471482,-0.040973037,0.04376743,0.12500112,-0.13460512,0.07855709,-0.14258336,0.20004988,0.015447354,-0.027790068,-0.02996358,-0.15548103,0.05898261,0.22659895,-0.19533007,-0.028944707,-0.27749735,-0.25767243,-0.023033943,-0.02618894,-0.0914701,-0.34157848,-0.15553133,-0.11196698,0.21214171,0.02410127,-0.09477601,0.025683878,0.031380776,-0.015763247,-0.52980787,-0.78075856,-0.081242666,0.3387913,0.57746977,-0.012931006,-1.4528081,0.46453214,-0.050364766,1.6701553,-0.53340816,-0.11388041,-0.17232192,0.12061356,-0.08137345,0.20146133,-0.14163415,-0.030950917,-0.06349845,-0.14205769,-0.062478412,0.056247022,0.14983778
45,1,-0.53021264,0.24346602,-3.08507,-0.366497,-0.020951934,0.04309135,-0.1518538,0.012869728,-0.11008747,0.21303055,-0.021630228,0.0032425413,0.5421886,0.024628026,-0.07082433,0.68517065,0.10438735,0.04206526,-0.024536945,-0.02118774,-0.042673327,0.046241406,0.12876469,-0.14076981,0.07497843,-0.14408113,0.1964841,0.014536072,-0.027717654,-0.031650174,-0.15528548,0.05212043,0.23320255,-0.1950207,-0.030831836,-0.27650613,-0.27077952,-0.030858291,-0.035725053,-0.09288497,-0.34287867,-0.16078232,-0.11746739,0.21994354,0.02388064,-0.09563688,0.021186993,0.026581593,-0.022325583,-0.5253202,-0.77479243,-0.09032845,0.34523103,0.56993145,-0.029842196,-1.4519477,0.4824283,-0.06568011,1.6853018,-0.5357493,-0.10472595,-0.17357276,0.13243082,-0.09308297,0.20314695,-0.1455073,-0.03586852,-0.06536411,-0.14720859,-0.061337397,0.058700558,0.15256694
46,1,0.52477014,-0.24710888,3.0862694,-0.36516422,-0.02271401,0.05081445,-0.13438049,0.015382723,-0.10404244,0.2135945,-0.014435167,-0.0009977941,0.52942187,0.021220367,-0.06750375,0.6797601,0.11461404,0.04035179,-0.019567527,-0.020845454,-0.03731747,0.04864643,0.12885185,-0.14036651,0.07050201,-0.1438775,0.19671369,0.011551461,-0.024842773,-0.027973933,-0.15625027,0.054350924,0.23037192,-0.19216669,-0.026245382,-0.27351466,-0.26675332,-0.022845054,-0.028724017,-0.093962,-0.36595216,-0.14897439,-0.11327783,0.24971835,0.033722773,-0.09012437,0.017049894,0.024853466,-0.026912944,-0.53493243,-0.7537941,-0.08756467,0.3693755,0.565679,-0.021930397,-1.4057112,0.44611558,-0.054583155,1.5987126,-0.511134,-0.09768815,-0.16650863,0.12884778,-0.06139943,0.19271646,-0.15110163,-0.034279507,-0.06512864,-0.14200388,-0.06530406,0.057442714,0.1490576
47,1,0.5348172,-0.23851079,3.0829897,-0.35922936,-0.018507812,0.048117362,-0.15008792,0.0071740863,-0.106806114,0.20889777,-0.017293561,-7.099167e-05,0.528444,0.024383401,-0.06811871,0.6645304,0.10168226,0.042104695,-0.025830727,-0.020518498,-0.03863038,0.050094455,0.1280892,-0.13905428,0.08233076,-0.14354712,0.20293614,0.012493034,-0.026102055,-0.028088825,-0.15640384,0.053952824,0.22611424,-0.19276467,-0.026683478,-0.27684972,-0.2843917,-0.022796627,-0.024586655,-0.09118195,-0.36520106,-0.15362659,-0.113451526,0.24434575,0.0269473,-0.10043934,0.023160407,0.03255442,-0.015833514,-0.5369152,-0.76924783,-0.08839893,0.3648283,0.57102036,-0.008948638,-1.3943447,0.4440154,-0.056676257,1.6101717,-0.5135755,-0.09588869,-0.17059183,0.12688455,-0.068713166,0.19759952,-0.14633061,-0.036584705,-0.06483376,-0.14146706,-0.0651862,0.05730687,0.14762966
48,1,0.54079765,-0.23381005,3.0816927,-0.36635268,-0.019351956,0.04579514,-0.14679232,0.010678774,-0.10941528,0.21039806,-0.018419307,0.0012485845,0.5307025,0.02668441,-0.06903494,0.6575677,0.10861892,0.04113501,-0.027252143,-0.026277283,-0.035166018,0.047814235,0.12498026,-0.13710032,0.08329481,-0.14236724,0.20672514,0.017644541,-0.029346498,-0.025984162,-0.15791807,0.058017567,0.22789694,-0.19337466,-0.0240068,-0.28180748,-0.28044483,-0.005155247,-0.02057502,-0.08975084,-0.36574832,-0.1469662,-0.11509108,0.23085615,0.016852628,-0.10862028,0.039023444,0.030083833,-0.0022513687,-0.53273386,-0.78305006,-0.083830364,0.35132277,0.5738772,0.023183808,-1.3751534,0.41656557,-0.04858426,1.6532574,-0.52586997,-0.104428805,-0.17476402,0.1096576,-0.070041865,0.20593002,-0.14127156,-0.035507314,-0.06425117,-0.14011024,-0.06787525,0.056214716,0.14922453
49,1,0.5400533,-0.2333978,3.0799742,-0.3571045,-0.022489313,0.047450256,-0.14138992,0.009444631,-0.109095246,0.21053618,-0.015400554,-0.00032190123,0.5176574,0.019462107,-0.06672951,0.6561975,0.107648835,0.040611774,-0.020284967,-0.021174792,-0.037707355,0.049784306,0.12283031,-0.14009298,0.08463751,-0.13938437,0.20554976,0.017575247,-0.026710344,-0.02699346,-0.15739983,0.056096986,0.23257188,-0.19546466,-0.026562693,-0.2792569,-0.26766652,-0.0029899357,-0.016569367,-0.093260735,-0.36337784,-0.14224143,-0.115758665,0.23830256,0.01569733,-0.10076533,0.04288131,0.028817913,-0.018631449,-0.5359529,-0.78136206,-0.0917084,0.36657995,0.5842445,0.0009174109,-1.4028405,0.44644743,-0.053638957,1.6314895,-0.52878565,-0.100898236,-0.17251773,0.12096567,-0.06699646,0.1999657,-0.14469725,-0.036880203,-0.06545304,-0.14364648,-0.06772388,0.057654493,0.15101662
50,1,0.5089871,-0.23379192,3.0857716,-0.38746205,-0.019535484,0.064205855,-0.12932965,0.015633926,-0.11168064,0.2059064,-0.010663594,0.0005735295,0.5525411,0.023722796,-0.06997809,0.6820687,0.12026831,0.038031943,-0.015617578,-0.021787345,-0.041695047,0.047619894,0.120220006,-0.14215425,0.069465406,-0.13492994,0.2004479,0.020632008,-0.024976673,-0.02613812,-0.165757,0.06489198,0.23802088,-0.19850686,-0.026840698,-0.2777628,-0.25984386,0.0009278364,-0.008961005,-0.09918841,-0.3571935,-0.13779327,-0.12033475,0.24139504,-0.0031309535,-0.10468874,0.06048899,0.03200063,-0.039332844,-0.53654456,-0.79438823,-0.09846511,0.37619346,0.5959435,-0.0443131,-1.4442039,0.506172,-0.057899207,1.6598202,-0.5363815,-0.10413462,-0.17019361,0.15090276,-0.08533629,0.19951788,-0.15622364,-0.037966166,-0.0659616,-0.14843258,-0.06154616,0.057523016,0.15293792
51,1,0.56041896,-0.2557831,3.0732198,-0.45357057,-0.025297593,0.0910864,-0.0940794,0.0076544173,-0.13113578,0.22185825,-0.0034408185,0.004194662,0.6266367,0.025029754,-0.07465615,0.6524521,0.12503576,0.034296423,-0.01872523,-0.025100688,-0.051091623,0.034352735,0.11884334,-0.15318863,0.037010193,-0.12909485,0.17937419,0.012628151,-0.024248129,-0.029161677,-0.1701326,0.058121987,0.25681728,-0.19777969,-0.04069236,-0.27126783,-0.29231596,-0.006160477,-0.031800713,-0.09125775,-0.34403554,-0.17262407,-0.116530195,0.24990278,0.024118185,-0.11686198,0.060619406,0.025886437,-0.04980601,-0.52394116,-0.80896074,-0.059110697,0.38512218,0.66043234,-0.066168055,-1.5271719,0.57788527,-0.020066902,1.7585552,-0.5611281,-0.0919382,-0.1760735,0.18847926,-0.0909172,0.20575163,-0.18715252,-0.042463418,-0.06763948,-0.16020297,-0.058409143,0.067561164,0.16519153
52,1,-0.5868689,0.28458184,-3.060612,-0.5927558,-0.025403304,0.082636625,-0.15403254,-0.017979011,-0.13660862,0.2700766,0.0105671715,0.0065319585,0.8209475,0.056218106,-0.10000248,0.712291,0.0835093,0.04883497,-0.041927595,-0.01849256,-0.046334494,0.036335643,0.12855142,-0.15206261,0.041044366,-0.14348802,0.17046838,0.008780865,-0.015756195,-0.031019269,-0.1917436,0.05575028,0.2574122,-0.21372303,-0.03831762,-0.2755606,-0.35243756,-0.0002199587,-0.067722455,-0.06508873,-0.30990914,-0.16280721,-0.07451526,0.23720276,0.06662012,-0.1898525,0.023776043,-0.0013658344,0.013311303,-0.46755448,-0.81210196,0.034794256,0.33006188,0.70803154,0.027399404,-1.5238615,0.4363836,0.06377989,1.6787736,-0.45126367,-0.12016694,-0.18308267,0.16218063,-0.08674014,0.20318092,-0.18411368,-0.037314527,-0.056392055,-0.14141452,-0.06550191,0.062627874,0.1537129
53,1,-0.6542677,0.31963342,-3.0287375,-0.72353023,-0.064865336,0.13796233,-0.16949567,-0.054932218,-0.1736826,0.30955106,0.022698654,0.01577215,0.87521684,0.025311088,-0.09779908,0.85235125,0.07673891,0.053871382,-0.034188278,0.009083097,-0.0772864,0.05560957,0.13546808,-0.18315211,-0.029559392,-0.15698487,0.13420019,0.038562857,-0.0032288285,-0.046472423,-0.19183472,0.03806466,0.28824443,-0.21169741,-0.033075728,-0.25113672,-0.33599648,-0.0013973812,-0.09190311,-0.05541902,-0.22338673,-0.14264719,-0.013021711,0.20673366,0.06723968,-0.16294995,0.02547306,-0.0068670874,-0.037405107,-0.4124684,-0.8026479,0.19820267,0.2638581,0.82138366,-0.042064667,-1.4889091,0.46506023,0.3423521,1.4703519,-0.24091683,-0.079883814,-0.16423075,0.17007095,-0.0470221,0.18987633,-0.13259643,-0.05784758,-0.050352067,-0.13608436,-0.08194136,0.06146,0.14609766
54,1,-0.6455449,0.37983426,-3.021043,-0.8073249,-0.06629833,0.13424271,-0.18637209,-0.08600645,-0.20511986,0.3461066,0.05183764,0.022343632,1.026658,0.05287453,-0.12030376,1.1195232,0.037205465,0.07045255,-0.04188375,0.024245057,-0.045160703,-0.037446167,0.13894515,-0.12019872,-0.13620637,-0.14562364,0.0737436,0.015083112,0.02734775,-0.03018928,-0.1790418,0.06475135,0.24143541,-0.1956792,-0.06994871,-0.17957315,-0.32254344,0.017711002,-0.06931163,-0.03942665,-0.14265905,-0.19441451,-0.005604326,0.22188789,0.18314098,-0.14934953,0.010772236,-0.024284821,-0.013488238,-0.31766152,-0.83600277,0.116247565,0.31538394,0.87203467,-0.039793503,-1.5491692,0.5709187,0.15964948,1.2748039,-0.33573902,-0.054704733,-0.15416367,0.19501851,-0.045093473,0.14391777,-0.1544502,-0.06852084,-0.054032426,-0.1600878,-0.07480736,0.069134146,0.15373759
55,1,-0.64730066,0.3745246,-3.0186315,-0.8100065,-0.067528605,0.13045892,-0.17926398,-0.0722588,-0.20803294,0.3391655,0.057254422,0.019072022,1.0256209,0.04947079,-0.11868479,1.1188234,0.04802172,0.06346851,-0.044843357,0.02462475,-0.044268247,-0.042027928,0.13879767,-0.117392264,-0.13266695,-0.14508024,0.08024886,0.011674146,0.030634927,-0.031356394,-0.17620654,0.06474779,0.24314162,-0.19778301,-0.062864184,-0.1873404,-0.33570242,0.015733805,-0.07241194,-0.043638933,-0.14746791,-0.19486716,-0.011798877,0.235746,0.18802893,-0.15326518,0.0040957932,-0.029285554,-0.022015275,-0.3125315,-0.829983,0.10754293,0.33010837,0.871183,-0.056663044,-1.5195701,0.57175213,0.13919106,1.2677038,-0.34058994,-0.057009883,-0.15307313,0.18828209,-0.0504662,0.14448309,-0.1502717,-0.0672516,-0.05406394,-0.1612496,-0.0716966,0.069530524,0.15500812
56,1,-0.6990927,0.31504118,-3.0026574,-0.8284913,-0.05821737,0.14895408,-0.17340052,-0.080978684,-0.3279391,0.30456066,0.05500087,0.020288127,1.0630013,0.029679768,-0.12920311,1.2500685,0.09454603,0.052120462,-0.057794876,0.026507873,-0.014298504,-0.052931923,0.14324157,-0.12238272,-0.09753889,-0.14913028,0.10888644,0.032350574,0.025753418,-0.026166629,-0.1704094,0.055610944,0.24366444,-0.2353639,-0.05302049,-0.2029604,-0.34666213,0.051093157,-0.08619064,-0.051219583,-0.040945943,-0.13621481,0.011192711,0.11804679,0.26959604,-0.14082885,-0.038576536,-0.052072342,-0.12195021,-0.20271015,-0.6281079,0.15943015,0.20079431,0.92325544,-0.101432025,-1.4451809,0.5669304,0.16541976,1.1397451,-0.34757236,-0.027467953,-0.17915954,0.16664107,-0.036915217,0.15467927,-0.14274876,-0.05117712,-0.04462006,-0.14645173,-0.062381446,0.06601391,0.14260876
57,1,-0.7945109,0.3190882,-2.9867632,-0.90952045,-0.092034735,0.18412752,-0.28208435,-0.047814555,-0.32072735,0.37429863,0.048727017,0.014032223,1.0969274,-0.0065453,-0.112516545,1.2875825,0.12582035,0.042287465,-0.08054473,0.01638942,-0.00012502645,-0.0070562824,0.1395796,-0.18053703,-0.089532554,-0.15124947,0.12930998,0.06511134,0.00883926,-0.018612519,-0.20289473,0.044962667,0.31283218,-0.25593698,-0.034045212,-0.24792238,-0.32179707,0.05618071,-0.07336428,-0.10696392,0.032918233,-0.02304217,0.013612211,-0.009723425,0.23078066,-0.18628624,-0.06523662,-0.03608519,-0.33444592,-0.15961383,-0.3690801,0.19911475,-0.009347835,0.9134703,-0.31351328,-1.3651215,0.6870517,0.21977855,1.2549851,-0.3874605,0.028209874,-0.1746366,0.21995834,-0.049984924,0.17633224,-0.16415706,-0.07467589,-0.052682564,-0.16607465,-0.08217504,0.07033748,0.1644275
58,1,-0.89873934,0.37923354,-2.9510992,-0.8452964,-0.080320366,0.20090258,-0.38191152,-0.029132014,-0.32654697,0.36940348,0.016373223,0.025381988,1.0630451,-0.064545795,-0.094288245,1.2078531,0.17306344,0.039929133,-0.11339,-0.0029448117,0.028635517,0.000533571,0.17965174,-0.21571527,-0.06315201,-0.18670842,0.16557942,0.11030606,-0.009139452,-0.001742749,-0.22507095,0.0060746563,0.35964397,-0.27194327,-0.021896057,-0.29040524,-0.31309453,0.029797442,-0.04544839,-0.11404332,0.18149279,0.088635996,-0.017397555,-0.17909706,0.13232963,-0.22528091,-0.08539274,-0.028756231,-0.35457703,0.0072151064,-0.15462273,0.1200484,-0.16048874,0.746581,-0.37368625,-1.3134762,0.5824894,0.07294663,1.3256636,-0.43106064,-0.06245092,-0.16150054,0.11289577,-0.091953285,0.16082585,-0.11305773,-0.06622249,-0.04972972,-0.14567335,-0.08665443,0.063052885,0.15043283
59,1,-1.0679507,0.49112776,-2.8784082,-0.7426579,-0.054652188,0.17669404,-0.21524914,-0.016604463,-0.27476367,0.30353013,0.0081334915,0.024148263,1.068291,-0.069644794,-0.07481282,1.0307509,0.20837696,0.009798407,-0.10743713,-0.03526795,0.04676546,0.0109248115,0.21068978,-0.22196828,-0.025933076,-0.20884734,0.1779378,0.09220922,-0.023161609,0.011145652,-0.19369432,-0.026779408,0.35223383,-0.2599733,0.0028540757,-0.29450023,-0.34995762,-0.02570121,-0.022616189,-0.12779386,0.09820297,0.12602767,-0.06790302,-0.105285905,0.06993131,-0.25408444,-0.12192167,-0.0055333567,-0.39497975,0.02160322,0.017326644,0.10324382,-0.119305074,0.62866217,-0.43103275,-0.837231,0.4044549,0.046221167,1.6002799,-0.44720337,-0.01831429,-0.16900972,0.11669757,-0.13621937,0.21176992,-0.16314867,-0.07849367,-0.048318587,-0.14178899,-0.06516196,0.059654396,0.14930335
60,1,1.2982711,-0.56393117,2.7890744,-0.46547762,-0.0014233642,0.24349675,-0.15976852,-0.059529074,-0.26239827,0.23021127,0.0139618805,0.0017769149,0.8163094,-0.10042086,-0.045528453,0.7877384,0.13082004,0.039565828,-0.08892981,-0.054605268,0.06399763,0.09685438,0.18401664,-0.27365008,0.0774255,-0.17373422,0.20785013,0.06422102,-0.031788122,0.011303825,-0.18241176,-0.040828936,0.37974793,-0.2636437,-0.03731722,-0.28272918,-0.3636747,-0.092848726,-0.027918395,-0.08844235,0.10041917,0.10037553,-0.080931745,-0.0466663,0.14430049,-0.2485518,-0.22349393,-0.037623037,-0.37837905,0.075020455,-0.019225575,0.076305784,0.07302281,0.7751944,-0.42464215,-0.63996977,0.33099827,-0.03825096,1.8169105,-0.61856794,-0.031984296,-0.1551987,0.07509693,-0.14171404,0.20945175,-0.20545308,-0.08500298,-0.047539264,-0.1354164,-0.053207666,0.064248726,0.15113907
61,1,1.2971674,-0.5646488,2.7901223,-0.46388415,-0.0018867276,0.24412753,-0.1582766,-0.0582049,-0.2621279,0.22958687,0.013698616,0.0016426368,0.81680757,-0.10120894,-0.045045104,0.787468,0.13219085,0.038971875,-0.08814042,-0.05450979,0.063579015,0.09741861,0.18366048,-0.27399608,0.078064196,-0.17299457,0.20782262,0.064217046,-0.03174577,0.011003409,-0.1826172,-0.041246038,0.37980875,-0.26394844,-0.037443187,-0.28322303,-0.3619076,-0.09715692,-0.029887946,-0.08856726,0.10058061,0.09976668,-0.08131134,-0.045647237,0.1446263,-0.24765065,-0.22684616,-0.037350874,-0.37973753,0.07515807,-0.01926825,0.07517,0.073588565,0.77502626,-0.42715886,-0.6428279,0.33418187,-0.03890236,1.8151315,-0.61883795,-0.03197875,-0.15513478,0.07593345,-0.14145023,0.20940955,-0.2060605,-0.08533928,-0.047674164,-0.13621007,-0.053398333,0.0645122,0.15188476
62,1,1.0920428,-0.56950605,2.7821317,-0.20676462,0.034951337,0.19897012,0.08565421,-0.008366544,-0.06509288,0.06151341,0.020669151,-0.06179103,0.46229008,-0.032066174,-0.01849556,0.5617792,0.1289553,0.015811805,-0.093345806,-0.10643913,0.05609639,0.14470364,0.19660693,-0.2719297,0.116336,-0.16156687,0.21565011,0.051636036,-0.06827135,0.01146739,-0.13599496,-0.033420675,0.3225686,-0.18183538,-0.057289798,-0.23031968,-0.2824601,-0.08156881,0.04891343,-0.044437107,0.095984265,-0.031542867,-0.061989207,-0.12202459,0.24590287,-0.033733107,-0.181795,0.037305623,-0.19538347,0.082559355,-0.22317107,0.016579796,0.20227963,0.8851214,-0.24671847,-0.8004519,0.34753138,-0.19616453,1.9679483,-0.7984673,-0.05651067,-0.1948141,-0.0013961116,-0.12687708,0.23078586,-0.12650406,-0.049406603,-0.04865547,-0.10735737,-0.01669971,0.044219114,0.11256664
63,1,0.3691531,-0.34620997,2.9164615,-0.53401655,-0.037590463,0.29192293,0.10978658,-0.026685521,0.09267736,0.024525715,0.15478344,-0.1351937,0.5782005,0.05028626,-0.03127985,0.45343855,0.022309188,0.024465593,-0.0907514,-0.06746582,-0.05929574,0.10662933,0.17042403,-0.2170381,0.003627007,-0.14704314,0.1361149,0.05162512,-0.022890432,-0.031964198,-0.15392065,0.026413886,0.27274826,-0.116613485,-0.07985436,-0.18925148,-0.22587636,-0.050010834,-0.011772453,-0.04445913,-0.3702033,-0.06499844,-0.08109143,0.36989254,0.18158096,-0.003978062,-0.16176702,0.04967249,-0.0018146603,-0.62192297,-0.725895,-0.005808073,0.6727179,0.93858993,0.058993164,-1.5332525,0.42571908,-0.07134269,1.7230458,-0.6006988,-0.043044206,-0.21635605,0.1671112,-0.10846602,0.2121275,-0.18732743,-0.053910214,-0.047317307,-0.121762246,-0.02664545,0.050919227,0.1260127
64,1,0.27071422,-0.31553566,2.8659265,-0.5486178,-0.12011475,0.36856773,-0.02488642,0.00070643227,0.10618338,0.03420871,0.050134014,-0.1105875,0.640639,-0.02548448,-0.0073562725,0.4949098,0.060914755,0.016320158,-0.15567157,-0.079339966,-0.14254755,0.13095525,0.16686524,-0.25603268,-0.03624391,-0.17260039,0.13007553,0.08444946,-0.0853827,-0.07203913,-0.15753178,0.010060501,0.28377584,-0.08431388,-0.07317932,-0.2145412,-0.11316634,-0.0075625107,-0.067910336,-0.17906016,-0.76695436,0.121677846,-0.23575811,0.51091003,-0.22571555,0.0620142,-0.034234904,0.06274331,-0.05472636,-0.9750366,-0.44857448,-0.12578921,0.67301226,0.38563782,0.07894312,-1.5872627,0.31109127,0.029889697,1.6794012,-0.3930074,-0.085958034,-0.21883586,0.17157556,-0.11518305,0.22810271,-0.15244466,-0.07713754,-0.05214791,-0.1273792,-0.07211988,0.045177657,0.14420871
65,1,0.67877537,-0.40051898,2.7546847,-0.20809399,0.1081478,0.7254806,-0.10773209,-0.12127317,-0.0021883473,0.06475597,0.011919954,-0.18650806,0.7457044,-0.11890519,0.0037775612,0.50855094,0.06231809,0.051741753,-0.1453957,-0.08378114,-0.22743368,0.1728143,0.1975649,-0.33062157,-0.033334624,-0.19012232,0.16134721,0.038807828,-0.11649822,-0.09545379,-0.22587587,-0.044831295,0.32101503,-0.079923466,-0.091906875,-0.2505116,-0.30677375,-0.1636504,-0.13310644,-0.13208517,-0.74073035,0.054473247,-0.2639244,0.36849776,-0.34931123,-0.09850149,-0.077236615,0.112470746,-0.10987728,-0.79662406,-0.45903125,-0.44342843,0.3844147,-0.019463982,-0.073196076,-0.9176745,0.27494833,-0.32316315,0.5941368,-0.29486674,-0.07385098,-0.16469315,0.10167498,-0.0688544,0.16029696,-0.036422245,-0.042125482,-0.044031065,-0.086310074,-0.03542267,0.026764229,0.09468547
66,1,0.7667542,-0.4724411,2.7074142,-0.10450116,0.14543983,0.7606608,-0.36219725,-0.08331273,-0.08410704,0.092339985,-0.04124028,-0.15971933,0.8349488,-0.22233045,0.022914866,0.75630504,0.08164989,0.075797886,-0.17281953,-0.07985509,-0.21716452,0.2180698,0.19238332,-0.3659037,-0.036588266,-0.20185834,0.18580635,0.04629994,-0.13142101,-0.10065237,-0.25879988,-0.0665826,0.36483896,-0.100860976,-0.07570256,-0.28465715,-0.39325622,-0.063907444,-0.19261302,-0.19112946,-0.7643767,0.17888544,-0.31104884,0.3842316,-0.4513052,-0.17754209,-0.0056251506,0.05612249,-0.1800892,-0.6935539,-0.09221379,-0.45642576,0.33407328,-0.2655966,-0.13231339,-0.76447976,0.21855927,-0.2987401,0.4545534,-0.20027986,-0.049758162,-0.1630488,0.02557338,-0.015589054,0.16745733,0.032322504,-0.057317164,-0.04545819,-0.07407854,-0.05581144,0.023039375,0.09095846
67,1,0.77177554,-0.4738773,2.7062817,-0.09958895,0.1478763,0.75908226,-0.36297947,-0.08343868,-0.08461224,0.09202478,-0.041504346,-0.15771542,0.83531064,-0.22314233,0.023644159,0.75708497,0.08237383,0.07595622,-0.1746615,-0.07778653,-0.21488884,0.21911563,0.1941149,-0.36671445,-0.037909713,-0.20428292,0.185515,0.0449708,-0.12919201,-0.09959664,-0.25863686,-0.06891458,0.3662611,-0.10033285,-0.073457934,-0.28469098,-0.3915585,-0.06895062,-0.19054167,-0.19502912,-0.7592715,0.18516122,-0.31395623,0.3872322,-0.45477706,-0.17607279,-0.006691602,0.054954592,-0.1907606,-0.6864758,-0.076805316,-0.4640512,0.3397264,-0.2765745,-0.1448207,-0.758209,0.22596496,-0.30534276,0.44401687,-0.20134299,-0.050119728,-0.16246161,0.024158748,-0.014772712,0.16695176,0.034215517,-0.055847105,-0.04516944,-0.073595285,-0.05409687,0.022485599,0.08984361
68,1,1.1226667,-0.53571093,2.6030946,0.40157872,0.23689544,0.52624464,-0.69927067,-0.07299463,-0.07317053,0.07794842,-0.101022154,-0.06207574,0.8688704,-0.32723048,0.070295505,0.61349994,-0.03632372,0.09454472,-0.23285662,0.018010411,-0.11318262,0.13227539,0.20851627,-0.2889407,0.07695911,-0.2396825,0.26260853,0.023336725,-0.057309594,-0.07235654,-0.23085953,-0.07526092,0.31134474,-0.11158594,-0.0103575755,-0.3443797,-0.5135017,-0.1765502,-0.114669286,-0.29742077,-0.63972586,0.2597633,-0.36712444,0.53473157,-0.47428712,-0.16460696,-0.021780808,0.042866327,-0.28068584,-0.5201981,0.057190035,-0.54383093,0.45235765,-0.37438428,-0.2876721,-0.7518716,0.3731485,-0.38192612,0.34328046,-0.22883369,-0.043079782,-0.17106527,-0.0006080382,0.019152999,0.1795816,0.049348272,-0.038811855,-0.038664017,-0.052310772,-0.038822033,0.016930621,0.061286405
69,1,0.9160214,-0.59882987,2.5983236,0.3615168,0.3128633,0.58759415,-1.0001001,-0.12129841,-0.24411255,0.15523213,-0.16473614,-0.04026638,0.6894527,-0.31902424,0.042091936,0.65389544,-0.113171756,0.118525065,-0.23865968,-0.022867657,-0.09879415,0.19739155,0.1850794,-0.313963,0.075243376,-0.22788934,0.25851238,0.013967948,-0.10796035,-0.044947717,-0.21671793,-0.096337624,0.3218425,-0.0879197,-0.06228862,-0.33751985,-0.5261074,-0.15142816,-0.13629499,-0.23575883,-0.7473517,0.16723897,-0.3223788,0.5295121,-0.3833545,-0.1841243,-0.03948166,0.10149374,-0.22150949,-0.589548,0.00070125767,-0.42494044,0.37884268,-0.26438048,-0.23377451,-0.5981689,0.19515586,-0.340807,0.38947445,-0.13068496,-0.016078802,-0.1702967,0.043778565,-0.011664104,0.17625175,0.007155574,-0.07061216,-0.053034566,-0.0824274,-0.060532406,0.027781917,0.086379096
70,1,0.7049171,-0.64204174,2.5330982,0.3167453,0.3050745,0.6160475,-1.050137,-0.053454716,-0.49354106,0.17574963,-0.14438812,-0.023983642,0.44496015,-0.34203854,-0.0052085426,0.5557617,-0.07464222,0.08924085,-0.18489812,-0.019706322,-0.08843313,0.13463627,0.15925002,-0.28619063,0.12254816,-0.18062782,0.32999513,0.07427592,-0.104065225,-0.042651653,-0.1921423,-0.059635237,0.3195384,-0.11168383,-0.059892297,-0.39422613,-0.3832563,-0.20161381,-0.15136395,-0.19411172,-0.60337293,0.10018635,-0.24596371,0.39461586,-0.30222064,-0.12323266,-0.09182428,0.12515765,-0.1363992,-0.6364686,-0.20214899,-0.34445643,0.31719422,-0.10024401,-0.13538297,-0.71567774,0.13213149,-0.30250776,0.49392265,-0.10956362,-0.029131481,-0.1625817,0.0977369,-0.0084325215,0.16725321,-0.06950954,-0.101216294,-0.05519687,-0.111820176,-0.09762922,0.04811932,0.11891525
71,1,0.4500263,-0.4990421,2.5160928,-0.023015128,0.24481069,0.6533382,-1.0292863,-0.001162509,-0.7179269,0.30885723,-0.12581629,0.009570878,0.52666104,-0.25301036,-0.027973345,0.61966234,0.025518732,0.089178756,-0.1532768,-0.029321868,-0.029948711,0.074312225,0.1616305,-0.28560692,0.10074816,-0.17232773,0.3545013,0.105475664,-0.11208204,-0.0052066003,-0.2019525,-0.045482717,0.35628453,-0.16260837,-0.070399426,-0.40990958,-0.33230272,-0.18752232,-0.026620805,-0.20678882,-0.54296654,0.17891893,-0.22538395,0.2951351,-0.3123633,-0.17964338,-0.06052978,0.16184461,-0.3006814,-0.66438264,-0.1426349,-0.30296692,0.23529457,-0.054669876,-0.21142519,-0.72463244,0.22853626,-0.26087603,0.5676472,-0.1356676,-0.010360811,-0.14887376,0.1474115,-0.007866295,0.15422307,-0.11362976,-0.080568105,-0.053580035,-0.112318106,-0.087895446,0.048368532,0.10460899
72,1,0.28476247,-0.50370085,2.5319023,-0.13187064,0.22940354,0.7035659,-1.2212881,0.06670359,-0.8340636,0.4331642,-0.12652135,0.027476827,0.70123035,-0.22987323,-0.03213508,0.9187984,-0.0072354632,0.12634484,-0.17715228,-0.009358265,-0.012774674,0.015572701,0.15135409,-0.25511724,0.05225021,-0.16312954,0.34370407,0.08634873,-0.09506663,0.005440516,-0.22486271,-0.01685172,0.3344282,-0.17536552,-0.08342932,-0.41105777,-0.3648213,-0.21304639,-0.0016719855,-0.21473917,-0.5390706,0.16319421,-0.20537311,0.31270188,-0.28559303,-0.22838174,-0.086106844,0.19085808,-0.27284268,-0.6563808,-0.18887104,-0.2964726,0.22028151,-0.049624376,-0.20591217,-0.89303404,0.2750802,-0.2675807,0.5725088,-0.13577001,-0.012923214,-0.14506498,0.18501079,-0.007741102,0.14707674,-0.13592285,-0.074415416,-0.05385091,-0.11125105,-0.08279024,0.04566171,0.099041626
73,1,0.26605076,-0.48070782,2.526734,-0.15489909,0.21690333,0.70705926,-1.2269045,0.084105976,-0.8360143,0.43979618,-0.13062885,0.030799612,0.7053254,-0.2288613,-0.034002103,0.98194385,0.006510195,0.12923472,-0.17562042,-0.014260344,-0.0111860875,0.01694557,0.14938506,-0.25629392,0.04013218,-0.161211,0.3371131,0.08979649,-0.100946024,0.006637093,-0.23184209,-0.015620497,0.34144855,-0.17958425,-0.084849976,-0.41023582,-0.3611133,-0.20692892,-0.0043444275,-0.2166072,-0.53831357,0.16250539,-0.20339946,0.29383525,-0.28355828,-0.22679386,-0.08276304,0.187128,-0.27836978,-0.673255,-0.20394185,-0.29206377,0.207663,-0.045055382,-0.20668222,-0.9112694,0.29176947,-0.2653141,0.58899605,-0.14718264,-0.016254677,-0.14486064,0.18827547,-0.010368204,0.14821292,-0.13971233,-0.06945083,-0.053513326,-0.110915564,-0.07955655,0.04446211,0.098277606
74,1,0.24506761,-0.47141024,2.5510912,-0.24194866,0.2690318,0.7237235,-1.244966,0.07171295,-0.8756216,0.4870201,-0.13991408,0.033650547,0.79300976,-0.18186969,-0.058809426,0.90018964,-0.02848513,0.14349033,-0.152151,-0.022758322,-0.009871506,-0.04542566,0.17485705,-0.24985497,0.04141466,-0.17637296,0.3407861,0.13480991,-0.117142655,0.016537867,-0.21812128,-0.0066786665,0.35184783,-0.18846913,-0.09891567,-0.41450736,-0.31923595,-0.22520845,0.07127227,-0.15044338,-0.33258003,0.0867634,-0.14601853,0.09402947,-0.2402983,-0.22781295,-0.05075723,0.22226827,-0.27590585,-0.52479583,-0.23133266,-0.17367789,0.056343675,0.07686321,-0.23074228,-1.0907495,0.39174965,-0.12947741,0.8526848,-0.1510321,-0.00244021,-0.1432549,0.19834164,-0.03393413,0.15288635,-0.12815754,-0.095893264,-0.058156762,-0.12523748,-0.09243042,0.05256095,0.10737733
75,1,0.14418381,-0.4639892,2.570831,-0.24803245,0.27284956,0.7499311,-1.2490344,0.054025985,-0.88410234,0.51994866,-0.15017253,0.010142178,0.83526975,-0.17664185,-0.06640724,0.9694595,-0.03658628,0.15458235,-0.11006995,-0.043707553,-0.007653237,-0.037467245,0.1538442,-0.23700622,0.053695675,-0.17178002,0.35781586,0.18013678,-0.12666407,0.019653762,-0.23700821,0.039767228,0.30958462,-0.19422102,-0.08747118,-0.4186571,-0.23035672,-0.13343321,0.054889817,-0.10146578,-0.27514726,0.025652677,-0.034059916,-0.10341486,-0.12110801,-0.1851879,-0.04314307,0.2221417,-0.236444,-0.5451294,-0.35238895,-0.061789714,-0.13800937,0.23633434,-0.14102368,-1.0786662,0.3136534,-0.0007558634,1.1055747,-0.22452153,0.006072607,-0.13687614,0.18508697,0.0021779013,0.15650937,-0.1587525,-0.09888155,-0.063829035,-0.12095983,-0.122220404,0.059291817,0.12748536
76,1,0.12543692,-0.38428113,2.578782,-0.22837967,0.25532153,0.70772594,-1.1838853,0.02605032,-0.7754332,0.48009846,-0.16209584,-0.008550916,0.80556566,-0.16250592,-0.0698708,0.99861234,-0.012051874,0.14730251,-0.077778585,-0.056047212,0.0044004596,-0.030588925,0.15307434,-0.23529673,0.04693854,-0.15742323,0.34145886,0.19879031,-0.13527264,0.035403468,-0.24428202,0.029533496,0.32413584,-0.20197238,-0.076830015,-0.41797468,-0.23264824,-0.11719629,0.10351374,-0.082786255,-0.27557573,0.021956969,0.018636407,-0.11250983,-0.065201096,-0.1764145,-0.042203646,0.25714356,-0.23920576,-0.5412975,-0.3829233,0.03201164,-0.20556268,0.45239842,-0.13875197,-1.0685403,0.32873383,0.08376722,1.1006534,-0.18653491,0.03913878,-0.12483672,0.19767976,-0.012672132,0.14216684,-0.14820974,-0.12630855,-0.06839075,-0.1407127,-0.13361713,0.062338635,0.14168322
77,1,0.20582809,-0.33025748,2.65746,-0.17159137,0.237982,0.59016883,-1.0946517,-0.07726987,-0.61679924,0.417324,-0.14176258,-0.03684419,0.8486698,-0.1420047,-0.07891822,0.9142532,-0.07557084,0.15536626,-0.060045347,-0.033171114,-0.027809836,-0.05833595,0.15589045,-0.21531716,0.047260724,-0.16565259,0.32061052,0.18069294,-0.11707023,0.01163009,-0.22974892,0.025384108,0.30027404,-0.2048379,-0.07808129,-0.41247535,-0.23749273,-0.029099386,0.054890096,-0.057796404,-0.21958648,-0.046323597,0.05452901,-0.10846697,0.02698475,-0.16152419,-0.0033180378,0.22633703,-0.2069483,-0.47181168,-0.47097084,0.083890796,-0.16175431,0.6653903,-0.15757233,-1.01976,0.33248952,0.14679943,1.0582553,-0.1480435,0.03756983,-0.12213052,0.1898832,-0.017410656,0.13579622,-0.127677,-0.13829476,-0.06986902,-0.15190071,-0.14939651,0.065601386,0.1616612
78,1,0.15153007,-0.36035243,2.7180452,-0.19057372,0.19427417,0.5045667,-0.93054146,-0.07083434,-0.38478366,0.37060994,-0.110918075,-0.05132303,0.82633483,-0.07628477,-0.0798916,0.92286325,-0.07278495,0.14917418,-0.06709797,-0.06441893,-0.009222141,-0.064681254,0.15985395,-0.17622782,0.0022160253,-0.12976581,0.20312959,0.10836825,-0.12430211,0.019791966,-0.20253594,0.022092069,0.24739148,-0.16627373,-0.11200826,-0.29567066,-0.27124268,-0.11436507,0.031326532,-0.03872592,-0.2583284,-0.13140027,0.004513507,0.016714301,0.15246665,-0.13454375,-0.10038257,0.19535293,-0.14909318,-0.45610124,-0.56061304,0.079588056,0.007630815,0.82660705,-0.18136798,-0.89058983,0.29493347,0.006601218,0.8221579,-0.184314,-0.014962329,-0.116189055,0.12993191,-0.039209377,0.10856142,-0.098490976,-0.11688075,-0.062862955,-0.14819032,-0.11898284,0.06842042,0.15481126
79,1,0.15616533,-0.35093647,2.717392,-0.18849517,0.18741111,0.5049987,-0.9408409,-0.06317467,-0.38176012,0.3708191,-0.110638745,-0.051477633,0.80958575,-0.08666305,-0.07644911,0.9501145,-0.0690709,0.14953248,-0.06668202,-0.06411757,-0.009751508,-0.06193814,0.159179,-0.17833231,-0.0014300263,-0.1282325,0.20253938,0.10990171,-0.12374153,0.019345053,-0.20591214,0.020054476,0.2535032,-0.16895252,-0.110401995,-0.2978787,-0.2622545,-0.11646784,0.030729173,-0.038918845,-0.24440064,-0.13604234,0.0057036164,0.0059139295,0.15493658,-0.12678303,-0.10157001,0.19577089,-0.1454084,-0.44758803,-0.564239,0.0819045,-0.0002825743,0.8277893,-0.18445122,-0.9067156,0.29973686,-0.00038327646,0.83931834,-0.1870518,-0.013860885,-0.112717815,0.13202247,-0.04576199,0.105452046,-0.09804597,-0.12096377,-0.06399926,-0.15287942,-0.11934177,0.07000044,0.15870477
80,1,0.1589938,-0.26464355,2.7762215,-0.19461076,0.13712376,0.42914146,-0.77463406,-0.08986991,-0.28900942,0.32300097,-0.09286159,-0.047124077,0.77110565,-0.0625603,-0.07149201,0.93005025,-0.07000727,0.13500886,-0.045073338,-0.055884082,-0.006288179,-0.040883277,0.15061279,-0.17523986,-0.015964739,-0.10617332,0.16176748,0.08353616,-0.105146915,0.01952845,-0.21169727,0.015203929,0.25029767,-0.16685866,-0.1237113,-0.26862794,-0.2232135,-0.15831111,0.014125165,-0.013137041,-0.21796188,-0.16900156,0.027283402,0.03292166,0.21877252,-0.08325423,-0.14521818,0.18766224,-0.07265703,-0.4725645,-0.7374517,0.10537812,0.054319266,0.97825754,-0.068799034,-1.0395727,0.34198692,0.014998197,0.6408191,-0.17436337,-0.007758345,-0.11830696,0.14250138,-0.013619943,0.08363396,-0.10018681,-0.11423568,-0.05784371,-0.15877484,-0.11577177,0.07068355,0.15669213
81,1,0.19640125,-0.2202499,2.8379984,-0.21473646,0.114586495,0.34635198,-0.65997946,-0.115498185,-0.15772344,0.31090406,-0.050871097,-0.06386941,0.76438147,-0.042996533,-0.061306193,0.88906187,-0.095224924,0.12539536,-0.050676443,-0.04799407,0.008296904,-0.0052108383,0.17644642,-0.1709274,-0.0020904706,-0.13573864,0.13610867,0.045436747,-0.0787587,0.019300288,-0.20617098,-0.00840327,0.25070098,-0.16123912,-0.09982989,-0.24322103,-0.28372914,-0.13528603,0.012366221,0.011029062,-0.21970104,-0.19224279,0.03101731,0.10356282,0.2997814,-0.13922577,-0.18444024,0.15371422,-0.0069278786,-0.37458184,-0.6839616,0.11779646,0.10574857,0.9787319,0.08183835,-0.84049207,0.18937147,0.05105456,0.50558037,-0.12292282,0.09175909,-0.12461149,0.15474543,0.056238182,0.07485261,-0.12192502,-0.14522587,-0.06586504,-0.17675045,-0.13737352,0.0788949,0.17111656
82,1,0.21403274,-0.23703566,2.8980367,-0.23863369,0.07397791,0.2739074,-0.5444463,-0.05064217,-0.05265025,0.30911726,-0.032575224,-0.055568926,0.79803056,-0.027770717,-0.056344494,0.80073804,-0.05822431,0.104345836,-0.0229439,-0.04390895,0.008616119,0.045212414,0.16999069,-0.17213182,0.020665016,-0.12948334,0.11251029,0.011303979,-0.063598685,0.012610911,-0.2015935,-0.021303872,0.24264105,-0.15387632,-0.07145264,-0.20655149,-0.3127205,-0.06927086,0.013170793,0.031265177,-0.26486567,-0.29604024,0.031391222,0.18246284,0.37408784,-0.13490012,-0.1098156,0.088614665,0.040218685,-0.33283964,-0.7466539,0.10116976,0.19721952,0.9517981,0.052246135,-0.55299556,0.091749504,0.01124664,0.37979487,-0.087503806,0.10155298,-0.119151056,0.12996571,0.072595164,0.080155514,-0.10945692,-0.13124841,-0.06904894,-0.16753346,-0.12294933,0.0736402,0.1609539
83,1,-0.06789928,-0.20254648,2.9710193,-0.35485554,0.0011718045,0.16882809,-0.34344044,0.038670097,0.01850458,0.329795,-0.01660862,-0.040640466,0.8507965,-0.035804242,-0.050255086,0.51173085,0.04106006,0.05619866,-0.012359622,-0.04951799,0.0010930598,0.0070584784,0.17363709,-0.15538518,-0.0041059,-0.12720208,0.07896905,0.011459882,-0.0526737,0.011134715,-0.17543115,-0.026021069,0.20905592,-0.1236997,-0.061667625,-0.17802083,-0.29543266,-0.07319208,-0.03517739,0.029125256,-0.25268918,-0.30657944,0.01807011,0.19180775,0.36440545,-0.11390177,-0.109491,0.05415144,0.020106409,-0.3143596,-0.7660557,0.0727529,0.23715255,0.9562459,0.014562795,-0.4191228,0.09951257,-0.031917356,0.338805,-0.1115347,0.11812526,-0.09348944,0.11967151,0.05323937,0.055045746,-0.102847,-0.11784166,-0.06199546,-0.15000634,-0.09877618,0.07346253,0.14378111
84,1,-0.078151904,-0.19927569,3.0189457,-0.46230373,0.04537556,0.14605275,-0.34208393,-0.007587097,-0.04857329,0.32032508,0.0049123405,-0.014703728,1.0412902,0.02321409,-0.10582645,0.61086255,0.0131878415,0.077028915,-0.014232727,-0.032723173,0.00033884885,-0.015036156,0.18552426,-0.13922182,-0.004419283,-0.1516169,0.0850667,0.024456011,-0.03192828,0.0049595027,-0.18543871,-0.004008125,0.20338005,-0.15184304,-0.06463903,-0.18524806,-0.29193103,-0.0806394,-0.051469795,0.04282753,-0.16084704,-0.31901518,0.019244319,0.14337875,0.3368591,-0.105384834,-0.094499394,0.015695782,0.033298995,-0.2590426,-0.8622585,0.026321057,0.23632748,0.9491775,0.0045296066,-0.4491547,0.14820743,-0.09473057,0.4071014,-0.17143877,0.08817554,-0.08563134,0.11492754,0.015412599,0.05808883,-0.10344049,-0.10534344,-0.055097986,-0.13889043,-0.082118176,0.06813088,0.13001448
85,1,-0.076656096,-0.20030728,3.018919,-0.46331495,0.04468519,0.14517838,-0.3419803,-0.0059182723,-0.047438838,0.32069784,0.0049664173,-0.015098573,1.0413952,0.023450617,-0.105834186,0.60882765,0.01425079,0.07661514,-0.014138432,-0.032741375,6.39791e-05,-0.015595542,0.18482979,-0.1384839,-0.0041546314,-0.15072998,0.08514833,0.024773024,-0.031929664,0.004844407,-0.18515834,-0.0034888226,0.20243208,-0.15163264,-0.06455453,-0.18528937,-0.29007354,-0.08177371,-0.051631738,0.04272086,-0.16007422,-0.31984323,0.019259905,0.14225383,0.33723485,-0.10464267,-0.09513621,0.016400993,0.033238668,-0.25933248,-0.8633718,0.026500523,0.23551148,0.94984,0.0026951812,-0.44920143,0.14931238,-0.095105596,0.40652448,-0.17149219,0.08814731,-0.085273564,0.11440919,0.015313289,0.057820253,-0.10236307,-0.10581542,-0.05530328,-0.13939103,-0.08269664,0.06830972,0.13051254
86,1,-0.10437195,-0.17764315,3.0691626,-0.5574407,0.04881323,0.16339092,-0.3295562,-0.06177975,-0.1382742,0.31239563,0.024539737,0.014529362,1.2469186,0.028935144,-0.13067065,0.61106604,0.006110073,0.07862921,-0.011101735,-0.0018353611,-0.010354766,0.011261388,0.16909835,-0.15812518,0.031948395,-0.15528284,0.11384678,0.035251394,-0.0034651738,-0.005017898,-0.22364768,0.0010912968,0.21256988,-0.19081464,-0.059817065,-0.22112094,-0.23308417,-0.07117624,-0.09559704,0.038284987,-0.09164785,-0.2966859,0.020794298,0.13229246,0.30164024,-0.06077348,-0.08410822,-0.021998798,0.046176065,-0.24066584,-0.91520625,-0.0031876168,0.25266045,0.9043059,-0.0044826027,-0.49827662,0.17527394,-0.10866262,0.41216627,-0.16440007,0.072740935,-0.071188726,0.12266075,0.025857257,0.04719775,-0.10665832,-0.10813652,-0.0582828,-0.14829774,-0.1000648,0.07144386,0.1415663
87,1,-0.14181589,-0.1948004,3.0807002,-0.5485227,0.0119269565,0.1980017,-0.3528293,-0.07984726,-0.19093494,0.30766752,0.015655931,0.025838256,1.3537129,-0.012370883,-0.13046521,0.6417017,0.01795281,0.0937045,0.008771298,0.013594803,-0.025324205,-0.012504347,0.15581131,-0.15342887,0.014138797,-0.1664335,0.119589105,0.031159552,-0.0022602566,-0.0104642995,-0.22669253,0.0049207015,0.22048163,-0.20041,-0.04370006,-0.23758085,-0.2530948,-0.0588546,-0.06803399,0.027304621,-0.11961719,-0.32079774,0.023958394,0.15698314,0.2876956,-0.08307887,-0.035329316,-0.012891946,0.029192079,-0.2330715,-0.8790762,0.019349454,0.24180938,0.8078142,-0.062005196,-0.5012207,0.18804123,-0.013789133,0.44878232,-0.1301656,0.045535725,-0.06813028,0.09973477,0.091728084,0.063971825,-0.10011678,-0.09862755,-0.05955796,-0.14630352,-0.12215269,0.06871166,0.1517377
88,1,-0.15747057,-0.20013937,3.0957725,-0.59528005,0.056910157,0.22908095,-0.31929517,-0.12725736,-0.23565573,0.31933483,0.03663718,0.017802792,1.2018633,0.034352213,-0.14367913,0.63393193,0.0023112355,0.095065914,0.0012306416,0.027298272,-0.03467953,0.0062587783,0.15827304,-0.15807533,0.03439673,-0.17352737,0.14295004,0.033799104,0.01156545,-0.018693732,-0.20766462,0.022836423,0.22056064,-0.20092231,-0.040551856,-0.23888855,-0.21778186,-0.10268332,-0.054796804,0.025625974,-0.08653902,-0.31808656,0.013909817,0.15562496,0.25033373,-0.048303764,-0.060095284,-0.011180407,0.0499192,-0.2034712,-0.91446924,-0.0052971207,0.2521573,0.7605684,-0.07031247,-0.51298624,0.19225767,-0.023902003,0.47820675,-0.131834,0.027055299,-0.068076365,0.105510764,0.07991386,0.075552285,-0.1044467,-0.09903239,-0.060409706,-0.14513834,-0.12099913,0.066687375,0.1465991
89,1,-0.18365338,-0.24776523,3.1009724,-0.6421209,0.090584464,0.2639537,-0.3427891,-0.15878177,-0.30371156,0.35084155,0.043373857,0.016680699,1.1087983,0.062263794,-0.14449978,0.67819226,-0.001992058,0.09331641,-0.017293088,0.035285197,-0.028979627,-0.033089004,0.16531771,-0.13234192,-0.00028235363,-0.18340273,0.144856,0.043502744,0.02118808,-0.02063252,-0.1883258,0.0437406,0.20143369,-0.19336891,-0.047130737,-0.2339519,-0.21132962,-0.08071697,-0.052932817,0.028830247,-0.06753754,-0.280277,0.010372618,0.14595446,0.21505798,-0.07242683,-0.051755518,-0.02302303,0.069077805,-0.19033283,-0.95959735,-0.056737207,0.26736638,0.7583108,-0.008008288,-0.5447709,0.1757018,-0.047972694,0.46909264,-0.15123674,0.015391481,-0.07104586,0.112549864,0.064993486,0.07358586,-0.113657534,-0.08983449,-0.05980938,-0.13571142,-0.110992596,0.06267597,0.13363273
90,1,-0.29379067,-0.21352336,3.0875807,-0.6043773,0.087439835,0.289463,-0.32849166,-0.17777486,-0.3089784,0.32810977,0.049686085,0.018851265,0.9230051,0.045228466,-0.114399225,0.679211,0.008769719,0.09048462,-0.015112859,0.038187407,-0.023006158,0.017241487,0.16410518,-0.1721038,0.0046049175,-0.1906198,0.16797507,0.062124528,0.024817942,-0.019532373,-0.20308907,0.038107384,0.24146156,-0.20141463,-0.041253254,-0.2554507,-0.1964451,-0.06455962,-0.04611247,0.030543411,-0.046464186,-0.22349696,0.012847314,0.12719361,0.16231075,-0.08414884,-0.054607384,-0.03227086,0.094445996,-0.16999382,-0.9812888,-0.055940147,0.25260124,0.7321217,0.06038951,-0.5829966,0.14690176,-0.01471375,0.5315969,-0.14970118,0.014773618,-0.0764501,0.12594624,0.06476995,0.0851061,-0.13697886,-0.09747977,-0.06139166,-0.13931803,-0.11855441,0.05923907,0.13647361
91,1,-0.29546764,-0.21546146,3.087043,-0.6015611,0.08887868,0.28975877,-0.32825652,-0.17831458,-0.30929703,0.32765922,0.04924871,0.019312326,0.91910326,0.04565492,-0.114178434,0.6795896,0.008471359,0.090556316,-0.014494869,0.038256604,-0.022909392,0.016999174,0.16440074,-0.17194639,0.0035139185,-0.19081667,0.16797832,0.061843988,0.024958549,-0.019393709,-0.20283018,0.03813956,0.24124388,-0.2005297,-0.041128892,-0.2556596,-0.197682,-0.06500458,-0.046892174,0.030331984,-0.047057,-0.22311136,0.012510608,0.12833685,0.16161883,-0.08610671,-0.054874007,-0.0322569,0.09430732,-0.16957071,-0.98162687,-0.05831686,0.25208983,0.73001635,0.06016667,-0.58403176,0.14741415,-0.017532578,0.528789,-0.14962643,0.014636716,-0.076680616,0.12648939,0.06463415,0.08507994,-0.13698162,-0.09780471,-0.061518025,-0.139716,-0.11868733,0.059311006,0.13665743
92,1,-0.29164448,-0.21905652,3.0755239,-0.5860484,0.050979096,0.32167247,-0.28677133,-0.1749595,-0.32512248,0.31641996,0.062263995,0.015936669,0.77665496,0.0035042458,-0.086573906,0.6812425,0.036680955,0.077357225,-0.02274373,0.036161277,-0.029719511,0.027823344,0.15634012,-0.18754545,-0.03252138,-0.19057007,0.16402754,0.064754754,0.025804749,-0.024112096,-0.19386755,0.042484693,0.25571936,-0.19058305,-0.044189528,-0.2444556,-0.18538027,-0.061694622,-0.054499526,0.02610448,-0.039137036,-0.23057869,0.0066370415,0.12899907,0.15443385,-0.06319315,-0.06222771,-0.040038835,0.09083039,-0.16187154,-0.9805726,-0.05455237,0.26577327,0.7089332,0.05009862,-0.54866284,0.14669186,-0.0060920385,0.62550694,-0.17069227,0.0007568252,-0.0779277,0.1024086,0.04125821,0.102723226,-0.12861408,-0.089495234,-0.058146775,-0.13045242,-0.10208855,0.057003736,0.13061422
93,1,-0.43785682,-0.2180299,3.053377,-0.5334553,0.058394708,0.2901338,-0.22350742,-0.13931991,-0.33962783,0.3198811,0.05631257,0.016748145,0.542018,-0.0055641555,-0.06817815,0.62901366,0.076798744,0.05210805,-0.010419672,0.019223146,-0.020356026,0.05146544,0.13516575,-0.18555386,0.0026246465,-0.17085549,0.17974591,0.076003164,0.017390374,-0.022357035,-0.16892812,0.058863178,0.24571057,-0.1839329,-0.036210548,-0.23483512,-0.12394307,-0.04668553,-0.054963734,0.03130102,-0.052708976,-0.20576696,0.009352688,0.11107417,0.13225123,-0.04645565,-0.059534322,-0.055115677,0.08859538,-0.16471253,-0.9990846,-0.030726874,0.24857756,0.75893754,0.064933166,-0.51535696,0.112866566,0.00043571863,0.74392486,-0.19886549,-0.0007611673,-0.07054084,0.099201486,0.018624129,0.1063896,-0.14760977,-0.099331744,-0.05714385,-0.13237086,-0.10542843,0.05909179,0.13559797
94,1,-0.5007753,-0.21476658,3.0247757,-0.50602484,0.07036606,0.28046122,-0.18436426,-0.15674835,-0.3392297,0.29539803,0.060450826,0.01861891,0.45929536,-0.003386396,-0.06426967,0.57390213,0.08438645,0.050110254,-0.007801948,0.02173645,-0.02050347,0.056028195,0.14150043,-0.19309877,0.0060795173,-0.1823899,0.1898891,0.09862128,0.01745203,-0.023630248,-0.16521525,0.063902184,0.2559558,-0.18716471,-0.033158507,-0.23988965,-0.076667614,-0.02608157,-0.0376834,0.029740063,-0.04758191,-0.16172245,0.01116928,0.09753659,0.075299695,-0.03043924,-0.03503607,-0.0578266,0.09191036,-0.17032222,-1.0281887,-0.024701579,0.2529517,0.76320755,0.07775705,-0.50501436,0.10013787,0.034843486,0.81129533,-0.19829515,-0.006661007,-0.06382727,0.083446965,0.0031114179,0.10859417,-0.12987514,-0.10434282,-0.057364196,-0.12764058,-0.10981209,0.056116693,0.1297476
95,1,-0.5657172,-0.2231965,2.9916024,-0.51493627,0.07089764,0.23904659,-0.15887861,-0.14614171,-0.3479224,0.28139675,0.059606753,0.027606908,0.46031073,0.010296888,-0.0645124,0.6266727,0.10636,0.04336993,-0.008754489,0.026163025,-0.013610801,0.04194586,0.14634824,-0.18284382,0.0008895255,-0.18742432,0.19103388,0.101447724,0.018856732,-0.022925438,-0.1643758,0.061454836,0.26243162,-0.19780819,-0.024369229,-0.24496514,-0.039686352,0.002266299,-0.03749187,0.024342787,-0.049795743,-0.16217579,0.007473068,0.092389606,0.08448332,0.00454548,-0.010444655,-0.07819556,0.096342124,-0.19194557,-1.0349976,-0.032378443,0.2608932,0.7477835,0.09864843,-0.5059954,0.08813501,0.019818863,0.7645244,-0.18976778,-0.0034069594,-0.064572066,0.08272613,0.012015799,0.105728276,-0.12919101,-0.10340414,-0.061221823,-0.1375774,-0.11789335,0.058031388,0.13697648
96,1,-0.6058969,-0.22084215,2.9753406,-0.5210045,0.08155105,0.17823263,-0.11517242,-0.13665682,-0.34797433,0.2736195,0.06448722,0.039394043,0.4628407,0.025879687,-0.07425299,0.66117954,0.12603894,0.03613408,-0.016939424,0.030739661,-0.019250212,0.0346067,0.15562324,-0.18290211,0.020021461,-0.19036965,0.20080617,0.093591794,0.024180107,-0.02661556,-0.16139178,0.06559856,0.26494798,-0.21124038,-0.020994231,-0.2368769,-0.057717003,-0.019828573,-0.03207821,0.02196531,-0.0033241638,-0.20249683,-0.0052859066,0.062118124,0.0849024,0.022533609,0.005401447,-0.08968323,0.09742833,-0.17001398,-1.0231929,-0.04592281,0.23922582,0.6905276,0.046910375,-0.5097223,0.11535067,-0.06181364,0.75308,-0.19926092,-0.025919046,-0.069368176,0.10025325,-0.021390967,0.11155677,-0.13442035,-0.09187279,-0.056526598,-0.13377778,-0.10332448,0.058564622,0.12607706
97,1,-0.60704315,-0.22162189,2.9757595,-0.5199312,0.08283246,0.1766364,-0.115882896,-0.13586499,-0.35005203,0.27404234,0.06407442,0.040166497,0.46131757,0.026078891,-0.07432851,0.6593169,0.12633081,0.035678264,-0.015976993,0.031228092,-0.020437064,0.032868184,0.15605186,-0.18214747,0.018899985,-0.19118921,0.20034738,0.094161,0.024267776,-0.027539836,-0.15988155,0.06648194,0.26403743,-0.21058656,-0.020513732,-0.23631954,-0.05106503,-0.0075403005,-0.037097655,0.021443136,-0.003738451,-0.20270336,-0.0045699067,0.060891513,0.08652438,0.028255554,0.014841661,-0.096486814,0.09633007,-0.17024972,-1.0216609,-0.044265877,0.24066047,0.69133824,0.045989115,-0.50924444,0.115425706,-0.060721572,0.7536686,-0.19840299,-0.026557388,-0.069576025,0.10133239,-0.021337902,0.111719444,-0.13496487,-0.09140271,-0.056646112,-0.1337693,-0.103782326,0.0586664,0.12675826
98,1,-0.65326643,-0.22314528,2.963121,-0.5127884,0.07611489,0.13013934,-0.13539328,-0.09844766,-0.34320393,0.26982722,0.056186553,0.023837812,0.4726291,0.03549069,-0.08722538,0.860507,0.13287753,0.034357525,-0.011506783,0.03201926,-0.023054142,0.02932489,0.15384403,-0.16066474,0.054957427,-0.18136264,0.20733213,0.09956283,0.017466236,-0.032682158,-0.15826938,0.067634515,0.25830495,-0.24688716,-0.017060475,-0.24013945,-0.008941563,0.015763177,-0.032891486,0.01865596,-0.008389975,-0.1971218,0.0017368932,0.043737985,0.1132933,0.07802698,0.013012309,-0.097694926,0.10453028,-0.19092269,-0.991406,0.0068232412,0.25130242,0.74655044,0.055543013,-0.58758086,0.10719907,-0.025894111,0.82760465,-0.20332024,-0.038946956,-0.07987076,0.09883583,-0.03756428,0.11431731,-0.12976938,-0.085796855,-0.05677399,-0.13626173,-0.101570904,0.05742806,0.1285211
99,1,-0.6795415,-0.21316518,2.967213,-0.43203953,0.068333454,0.07849392,-0.15214346,-0.08264057,-0.30083957,0.23057656,0.06206329,-0.0006174786,0.41491568,0.021028508,-0.08858316,1.0837615,0.09539412,0.03864758,0.0036000046,0.04812226,-0.0456615,0.050646264,0.17823412,-0.14194861,0.107488975,-0.19355732,0.21493416,0.093495004,0.022366302,-0.044198938,-0.15302902,0.05677132,0.25576025,-0.27539542,-0.004339602,-0.23421736,0.034255,0.08320946,-0.037383538,0.01773374,-0.0021996307,-0.21450774,0.007321785,0.039596856,0.1391965,0.10698786,0.057456374,-0.11467634,0.101576045,-0.17791767,-0.9575554,-0.010528383,0.2731104,0.76742214,0.064336784,-0.5907654,0.1103885,-0.048040967,0.68536806,-0.19728795,-0.03552288,-0.08368446,0.08939523,-0.024797197,0.10297108,-0.10531706,-0.07904918,-0.054278325,-0.13525361,-0.0891684,0.054007497,0.12594335
100,1,-0.7277397,-0.21052746,2.970522,-0.3559125,0.055238683,0.020319968,-0.16950177,-0.041535087,-0.24222842,0.2241941,0.056963302,-0.011678571,0.3417474,0.015628127,-0.08278564,1.1605194,0.07684659,0.04192753,0.019310905,0.058318853,-0.063511744,0.08941307,0.16455771,-0.13497342,0.1652993,-0.17850055,0.22221081,0.0911242,0.023089595,-0.054971714,-0.14814937,0.059137728,0.24661024,-0.28896126,0.009441268,-0.23716833,0.046713848,0.21665439,-0.095101096,0.0022234132,-0.04195035,-0.18917245,0.014950406,0.061257172,0.16137251,0.082252406,0.13626662,-0.17231885,0.080695264,-0.18388769,-0.9513881,0.006574552,0.29297286,0.84348804,0.055750623,-0.6162222,0.12813264,-0.019287849,0.6371909,-0.1922797,-0.009777029,-0.08660791,0.095991075,0.009671542,0.09764872,-0.09540278,-0.09219126,-0.06306179,-0.14713484,-0.10914323,0.05764966,0.14402607
101,1,-0.8883794,-0.26489952,2.9152339,-0.25862992,0.05849703,-0.011529857,-0.2443499,0.0042935293,-0.17872792,0.23805344,0.035726476,-0.013203329,0.30769908,0.016540008,-0.07978159,1.2254034,0.04764447,0.058542192,0.035806973,0.050425343,-0.055473875,0.067111,0.17679062,-0.09837542,0.124855354,-0.18284544,0.19627552,0.09262902,0.018812759,-0.048918325,-0.13421763,0.05898125,0.20081866,-0.24877198,0.011892106,-0.21414323,0.07494803,0.20137489,-0.12189348,0.0002511491,-0.054592106,-0.17454694,0.012672657,0.06690851,0.1762718,0.14995131,0.10521426,-0.17047313,0.08132586,-0.20752838,-0.9547433,-0.018269636,0.29638088,0.86226356,0.06597361,-0.70826864,0.16327278,-0.06977492,0.57648385,-0.22003074,-0.0329132,-0.09616075,0.0961955,-0.0037375882,0.092288546,-0.089450575,-0.07857843,-0.055712517,-0.13302144,-0.08900251,0.052080255,0.130288
102,1,-0.9420293,-0.23493113,2.8874125,-0.20484512,0.054058567,-0.016131558,-0.34697178,0.0038375633,-0.102314204,0.24082169,0.01699162,-0.03370088,0.26991844,0.01077076,-0.068913825,1.3794528,-0.017286038,0.09973033,0.02270073,0.045620598,-0.05540324,0.08131164,0.18807088,-0.09448977,0.09811212,-0.18957083,0.17284355,0.11043884,0.005749891,-0.047232453,-0.14219216,0.05301774,0.1873645,-0.24125014,-0.0051953304,-0.18983701,0.10254874,0.17498364,-0.11060638,0.0001604003,-0.06737496,-0.13500679,0.026507666,0.028164355,0.16668428,0.18128683,0.06405859,-0.1300209,0.08835794,-0.28445637,-0.9697588,0.011742583,0.24586596,0.936949,0.12761676,-0.88419765,0.2003585,-0.04934675,0.58722746,-0.22115938,-0.03787801,-0.118322805,0.12178272,-0.04612487,0.09700251,-0.08602805,-0.07567045,-0.052408867,-0.12673634,-0.07396977,0.046707205,0.11861816
103,1,-0.94195694,-0.23419592,2.8875756,-0.20427263,0.054029014,-0.017284542,-0.3470893,0.004114736,-0.10176836,0.24056922,0.016548648,-0.03371862,0.26868963,0.010985694,-0.068968646,1.3810586,-0.017167332,0.099952176,0.022862861,0.04560192,-0.055456463,0.081580125,0.18886453,-0.09441952,0.09843827,-0.19026299,0.17282696,0.110599555,0.005562134,-0.047423854,-0.14171292,0.05250365,0.18728276,-0.24137881,-0.0050999145,-0.1896561,0.101963066,0.17527568,-0.11080836,0.00017790227,-0.06802351,-0.13510264,0.026528403,0.027805392,0.16689633,0.18193714,0.06408479,-0.13027623,0.08812214,-0.28512305,-0.9698291,0.011242798,0.24559605,0.9368777,0.12714021,-0.8824035,0.19996123,-0.050444685,0.5857664,-0.22167848,-0.038006082,-0.11854112,0.122437514,-0.046546686,0.09720105,-0.0866751,-0.07491706,-0.052273273,-0.12620981,-0.07323146,0.046433207,0.11800074
104,1,-1.0641321,-0.26212704,2.822566,-0.1293981,0.05148967,-0.042834092,-0.48739424,0.026922224,-0.05052515,0.27142528,-0.017428597,-0.018972429,0.18459493,-0.035106994,-0.058972474,1.3391907,-0.052844472,0.114937074,0.00061648246,0.028825188,-0.04274805,0.06269181,0.21127795,-0.112214215,0.03537937,-0.20995551,0.13580322,0.1222107,-0.012664858,-0.04509483,-0.12420148,0.032018196,0.20518099,-0.1994671,-0.01284197,-0.15953343,0.0753329,0.25555408,-0.13997148,0.0033690645,-0.095857285,-0.1178964,0.034738142,0.008368642,0.17679697,0.16328892,0.12621672,-0.18711275,0.06945043,-0.29184592,-0.9145393,0.03651475,0.20305128,0.9477717,0.1456518,-0.8091547,0.15583082,-0.06615172,0.53765273,-0.20780842,0.006770113,-0.1180339,0.12698941,-0.023369834,0.09066163,-0.09403094,-0.088454,-0.051549803,-0.11643195,-0.08278884,0.048711866,0.111879
105,1,-1.2126272,-0.28201956,2.7421873,-0.12450739,0.05205252,-0.057919823,-0.4869152,0.056942474,-0.012392416,0.28513637,-0.03932398,-0.015208797,0.21366636,-0.043995522,-0.057734862,1.0914762,-0.026197435,0.08200966,-0.011931221,0.0069375155,-0.03140737,0.034019616,0.22014137,-0.12688999,0.039429728,-0.20207694,0.13964023,0.14462863,-0.026847906,-0.034623053,-0.12939909,0.01223084,0.21570428,-0.18383183,-0.017046027,-0.1770246,0.07928007,0.2327094,-0.14231196,0.003804696,-0.07763625,-0.07875248,0.026211066,-0.027764877,0.15252934,0.17299928,0.11719313,-0.17835589,0.07129001,-0.29516697,-0.896368,0.018352818,0.18366164,0.9785241,0.14240704,-0.84746385,0.14024074,-0.14628829,0.47342125,-0.2143633,-0.0017676902,-0.11951498,0.15643145,-0.04419318,0.07326384,-0.12037326,-0.09554669,-0.050732147,-0.11951111,-0.08761361,0.05253699,0.11254658
